ticker,cik,calendar_quarter,period_end,report_filed,q4_derived,net_investment_income,nii_per_share,nii_per_share_source,dividends_per_share,dividend_coverage,nii_return_on_nav_ann,investments_fair_value,investments_cost,fv_to_cost,unrealized_appreciation,total_debt,total_liabilities,total_assets,net_assets,debt_to_equity,liabilities_to_equity,nav_per_share,shares_outstanding,total_investment_income,realized_gain_loss,unrealized_gain_loss,net_increase_net_assets,management_fees,incentive_fees
EQS,0000878932,2019Q4,2019-12-31,2025-12-18,FALSE,NA,NA,NA,NA,NA,NA,NA,NA,NA,NA,NA,NA,NA,45989000,NA,NA,3.4,NA,NA,NA,NA,NA,NA,NA
EQS,0000878932,2020Q4,2020-12-31,2025-12-18,FALSE,NA,NA,NA,NA,NA,NA,NA,NA,NA,NA,NA,NA,NA,33777000,NA,NA,2.5,NA,NA,NA,NA,NA,NA,NA
EQS,0000878932,2021Q1,2021-03-31,2025-12-18,FALSE,-1025000,-0.08,reported,NA,NA,-0.12032281731474688,NA,NA,NA,NA,NA,NA,NA,34075000,NA,NA,2.52,NA,NA,-177000,1500000,298000,NA,NA
EQS,0000878932,2021Q2,2021-06-30,2025-12-18,FALSE,NA,NA,NA,NA,NA,NA,NA,NA,NA,NA,NA,NA,NA,34724000,NA,NA,2.57,NA,NA,NA,1400000,649000,NA,NA
EQS,0000878932,2021Q3,2021-09-30,2025-12-18,FALSE,NA,NA,NA,NA,NA,NA,NA,NA,NA,NA,NA,NA,NA,36243000,NA,NA,2.68,NA,NA,NA,1750000,1519000,NA,NA
EQS,0000878932,2021Q4,2021-12-31,2025-12-18,TRUE,NA,-0.07,reported,NA,NA,NA,15500,10461,1.4816939107159928,5039,NA,3351000,39716000,29510000,NA,0.11355472721111487,2.69,13518000,NA,NA,1000000,122000,NA,NA
EQS,0000878932,2022Q1,2022-03-31,2025-12-18,FALSE,-930000,-0.07,reported,NA,NA,-0.09937224522505676,18000,10961,1.6421859319405163,7039,NA,3502000,40937000,37435000,NA,0.09354881795111526,2.77,13518000,NA,0,2000000,1070000,NA,NA
EQS,0000878932,2022Q2,2022-06-30,2025-12-18,FALSE,-780000,-0.05770084332001776,computed,NA,NA,-0.08397254743641502,19500,11961,1.6302984700275898,7539,NA,4367000,41522000,37155000,NA,0.11753465213295654,2.75,13518000,0,0,500000,-280000,NA,NA
EQS,0000878932,2022Q3,2022-09-30,2025-12-18,FALSE,-925000,-0.06842728214232875,computed,NA,NA,-0.10212531051614684,19499000,11960000,1.6303511705685618,7539000,NA,4379000,40609000,36230000,NA,0.12086668506762352,2.68,13518000,NA,0,0,-925000,NA,NA
EQS,0000878932,2022Q4,2022-12-31,2025-12-18,TRUE,NA,-0.08000000000000002,reported,NA,NA,NA,21648000,14109000,1.5343397831171592,7539000,NA,6427000,41664000,48287000,NA,0.1331000062128523,2.61,13518146,NA,NA,0,-993000,NA,NA
EQS,0000878932,2023Q1,2023-03-31,2025-12-18,FALSE,-1133000,-0.09,reported,NA,NA,-0.13287984518852988,25642000,18103000,1.4164503121029663,7539000,NA,10383000,44489000,34106000,NA,0.30443323755350965,2.52,13518000,6000,2000,0,-1131000,NA,NA
EQS,0000878932,2023Q2,2023-06-30,2025-12-18,FALSE,-864000,-0.0639140899942936,computed,NA,NA,-0.08628998027514918,23200,8861,2.6182146484595417,14339,NA,13046000,53097000,40051000,NA,0.3257346882724526,2.96,13518146,8000,9000,6800000,5945000,NA,NA
EQS,0000878932,2023Q3,2023-09-30,2025-12-18,FALSE,-1134000,-0.08388724311751035,computed,NA,NA,-0.09624851468341537,51037000,28498000,1.7908976068496034,22539000,NA,18407000,65535000,47128000,NA,0.39057460533016464,3.49,13518146,NA,11000,8200000,7077000,NA,NA
EQS,0000878932,2023Q4,2023-12-31,2026-04-20,TRUE,3356000,-0.06999999999999998,reported,NA,NA,0.2780044318346553,85808000,61319000,1.3993705050636833,24489000,NA,45260000,93547000,48287000,NA,0.9373123200861515,3.55,13586173,NA,NA,1950000,1058000,NA,NA
EQS,0000878932,2024Q1,2024-03-31,2025-12-17,FALSE,283000,-0.07,reported,NA,NA,0.02466660855922601,94720000,71591000,1.3230713357824309,23129000,NA,53247000,99139000,45892000,NA,1.160267584764229,3.38,13586173,283000,NA,-1350000,-2395000,NA,NA
EQS,0000878932,2024Q2,2024-06-30,2025-12-17,FALSE,NA,NA,NA,NA,NA,NA,53944000,NA,NA,NA,NA,54052000,103844000,49792000,NA,1.085555912596401,3.66,13586173,NA,30000,4750000,3900000,NA,NA
EQS,0000878932,2024Q3,2024-09-30,2025-12-17,FALSE,322000,0.023700566745322615,computed,NA,NA,0.03206772065230922,92493000,73604000,1.2566300744524754,18889000,NA,55341000,95506000,40165000,NA,1.3778414042076434,2.96,13586173,334000,56000,-9000000,-9627000,NA,NA
EQS,0000878932,2024Q4,2024-12-31,2026-04-20,TRUE,321000,-0.04999999999999999,reported,NA,NA,0.04351067434767875,27500000,0,Inf,27500000,NA,426000,29936000,29510000,NA,0.014435784479837344,2.17,13586173,326000,NA,-10000000,-10655000,NA,NA
EQS,0000878932,2025Q1,2025-03-31,2025-12-17,FALSE,337000,-0.08,reported,NA,NA,0.03941866245577098,32958000,14750000,2.2344406779661017,18208000,NA,2287000,36484000,34197000,NA,0.0668772114512969,2.52,13586173,338000,NA,9319000,3943000,NA,NA
EQS,0000878932,2025Q2,2025-06-30,2025-12-17,FALSE,NA,NA,NA,NA,NA,NA,33482000,NA,NA,NA,NA,2955000,37066000,34111000,NA,0.0866289466740934,2.51,13586173,NA,0,524000,-86000,NA,NA
EQS,0000878932,2025Q3,2025-09-30,2025-12-17,FALSE,356000,0.02548920660978087,computed,NA,NA,0.05372773920917597,28028000,1594000,17.583437892095358,26434000,NA,4897000,31401000,26504000,NA,0.18476456383942047,1.9,13966696,356000,NA,-2797000,-8101000,NA,NA
EQS,0000878932,2025Q4,2025-12-31,2026-04-20,TRUE,322000,-0.05000000000000002,reported,NA,NA,0.07773083886541943,17276000,1418000,12.183356840620592,15858000,NA,4768000,21338000,16570000,NA,0.2877489438744719,1.19,13966696,322000,NA,-1689000,-9920000,NA,NA
NSLR,0001509470,2018Q4,2018-12-31,2023-03-16,FALSE,NA,NA,NA,NA,NA,NA,NA,NA,NA,NA,NA,NA,NA,195378159,NA,NA,9.89,19762647,NA,NA,NA,NA,NA,NA
NSLR,0001509470,2019Q4,2019-12-31,2023-03-16,FALSE,NA,NA,NA,NA,NA,NA,NA,NA,NA,NA,NA,NA,NA,199917289,NA,NA,11.38,17564244,NA,NA,NA,NA,NA,NA
NSLR,0001509470,2020Q1,2020-03-31,2023-03-16,FALSE,-3004553,NA,NA,NA,NA,NA,NA,NA,NA,NA,NA,NA,NA,NA,NA,NA,NA,NA,NA,6978240,-27665934,-23692247,NA,NA
NSLR,0001509470,2020Q2,2020-06-30,2023-03-16,FALSE,-4667388,NA,NA,NA,NA,NA,NA,NA,NA,NA,NA,NA,NA,NA,NA,NA,NA,NA,NA,-23987,26522195,21830820,NA,NA
NSLR,0001509470,2020Q3,2020-09-30,2023-03-16,FALSE,-2587891,NA,NA,NA,NA,NA,NA,NA,NA,NA,NA,NA,NA,NA,NA,NA,NA,NA,NA,2378390,16129442,15919941,NA,NA
NSLR,0001509470,2020Q4,2020-12-31,2023-03-16,FALSE,-4254584,-0.21364763915357535,computed,NA,NA,-0.05643001057953939,NA,NA,NA,NA,NA,NA,NA,301583073,NA,NA,15.14,19914023,NA,7108580,58424928,61278924,NA,NA
NSLR,0001509470,2021Q1,2021-03-31,2023-03-16,FALSE,-2834318,NA,NA,NA,NA,-0.026005206545463323,NA,NA,NA,NA,NA,NA,NA,435961621,NA,NA,NA,NA,NA,112152518,-1315837,108002363,NA,NA
NSLR,0001509470,2021Q2,2021-06-30,2023-03-16,FALSE,-2043000,NA,NA,NA,NA,-0.01858993441176776,NA,NA,NA,NA,NA,NA,NA,439592729,NA,NA,16.56,NA,NA,27658812,7741252,33357064,NA,NA
NSLR,0001509470,2021Q3,2021-09-30,2023-03-16,FALSE,-2223478,0.93,reported,2.25,0.41333333333333333,-0.020889178058351134,NA,NA,NA,NA,NA,NA,NA,425766489,NA,NA,14.79,28781016,NA,32495660,-15023778,15248404,NA,NA
NSLR,0001509470,2021Q4,2021-12-31,2023-03-16,TRUE,-2830023,1.4300000000000006,reported,2.75,0.5200000000000002,-0.031026988480507358,260136253,NA,NA,NA,NA,97469203,462315827,364846624,NA,0.2671511714467721,11.72,31118556,NA,46428514,-53134601,-9536110,NA,NA
NSLR,0001509470,2022Q1,2022-03-31,2023-05-10,FALSE,-4224705,0.1,reported,-0.11,-0.9090909090909092,-0.04438863192584822,NA,NA,NA,NA,NA,NA,NA,380701528,NA,NA,12.22,31164443,NA,3096275,21584885,20456455,NA,NA
NSLR,0001509470,2022Q2,2022-06-30,2023-08-09,FALSE,-3810888,-0.06,reported,NA,NA,-0.054407743527351254,NA,NA,NA,NA,NA,NA,NA,280172472,NA,NA,9.24,30325187,NA,-1966225,-88562575,-94339688,NA,NA
NSLR,0001509470,2022Q3,2022-09-30,2023-03-16,FALSE,-3809233,-0.17,reported,NA,NA,-0.06870179420065443,157747892,NA,NA,NA,NA,77078233,298861844,221783611,NA,0.3475380018048313,7.83,28333661,NA,-5141097,-36951920,-45902250,NA,NA
NSLR,0001509470,2022Q4,2022-12-31,2023-03-16,TRUE,-2863182,-0.07,reported,0,-Inf,-0.05453142424026371,157188578,NA,NA,NA,NA,74392156,284412858,210020702,NA,0.3542134432061845,7.39,28429499,NA,-1894406,-7633982,-12391570,NA,NA
NSLR,0001509470,2023Q1,2023-03-31,2023-05-10,FALSE,-4221765,0.01,reported,NA,NA,-0.07852873416720071,165088040,NA,NA,NA,NA,76053574,291096643,215043069,NA,0.35366670664470473,7.59,28338580,NA,189343,8648931,4616509,NA,NA
NSLR,0001509470,2023Q2,2023-06-30,2023-08-09,FALSE,-3805340,-0.51,reported,NA,NA,-0.08153161876838864,160283146,NA,NA,NA,NA,76264269,262956993,186692724,NA,0.4085015600286597,7.35,25398640,NA,-13270199,1455515,-15620024,NA,NA
NSLR,0001509470,2023Q3,2023-09-30,2023-11-09,FALSE,-2668426,-0.06,reported,NA,NA,-0.05035453828474109,193492718,NA,NA,NA,NA,77005785,288976828,211971043,NA,0.3632844557923886,8.41,25209108,NA,-1461281,29323067,25193360,NA,NA
NSLR,0001509470,2023Q4,2023-12-31,2024-03-14,TRUE,-2744078,0.09000000000000002,reported,NA,NA,-0.053975408428950836,184081249,NA,NA,NA,NA,74244038,277601684,203357646,NA,0.36509095900923244,7.99,25445805,NA,2594633,-8973578,-9123023,NA,NA
NSLR,0001509470,2024Q1,2024-03-31,2025-05-07,FALSE,-3222902,-0.02,reported,NA,NA,-0.07094170966959897,175015571,NA,NA,NA,NA,75149757,256870892,181721135,NA,0.4135443959229068,7.17,25353284,1528091,-424074,-18418370,-22065346,NA,NA
NSLR,0001509470,2024Q2,2024-06-30,2025-08-07,FALSE,-3655625,-0.01,reported,NA,NA,-0.09008873523246322,182904880,NA,NA,NA,NA,75970980,238283171,162312191,NA,0.4680546761888021,6.94,23378002,1027353,-29612,-6965946,-10651183,NA,NA
NSLR,0001509470,2024Q3,2024-09-30,2025-11-06,FALSE,-3207873,-0.59,reported,NA,NA,-0.08150228427261162,199302778,NA,NA,NA,NA,76344642,233781849,157437207,NA,0.4849212168760082,6.73,23378002,888717,-13713512,11614384,-5452245,NA,NA
NSLR,0001509470,2024Q4,2024-12-31,2025-03-12,TRUE,-3864887,0.38,reported,NA,NA,-0.09811095602301032,209380742,NA,NA,NA,NA,74027507,231599593,157572086,NA,0.46980089481077253,6.68,23601566,1229266,9146884,-5199046,44527,NA,NA
NSLR,0001509470,2025Q1,2025-03-31,2025-05-07,FALSE,-3661769,-0.01,reported,NA,NA,-0.09340999924396136,213577198,NA,NA,NA,NA,74863004,231667159,156804155,NA,0.4774299762656162,6.66,23551859,499094,-17951,2888878,-806715,NA,NA
NSLR,0001509470,2025Q2,2025-06-30,2025-08-07,FALSE,-3722160,0.89,reported,NA,NA,-0.06785774341363694,243798547,NA,NA,NA,NA,75643629,295053224,219409595,NA,0.3447598952999298,9.18,23888107,167304,21212611,44837619,62328070,NA,NA
NSLR,0001509470,2025Q3,2025-09-30,2025-11-06,FALSE,-3454815,0.21,reported,NA,NA,-0.059620506459058614,252195540,NA,NA,NA,NA,76514922,308301950,231787028,NA,0.330108732400676,9.23,25119091,459269,5196799,5675109,7417093,NA,NA
NSLR,0001509470,2025Q4,2025-12-31,2026-03-11,TRUE,-5669900,0.27,reported,NA,NA,-0.11046178707013309,225511505,NA,NA,NA,NA,70702471,276018722,205316251,NA,0.34435886421869255,8.09,25377756,560631,6832098,-21286968,-20130112,NA,NA
NSLR,0001509470,2026Q1,2026-03-31,2026-05-06,FALSE,-3978492,0.04,reported,NA,NA,-0.04401576093781274,388534651,NA,NA,NA,NA,71714574,433266156,361551582,NA,0.19835226166981618,14.24,25387393,731963,890513,158724039,155636060,NA,NA
NSLR,0001509470,2026Q2,2026-06-30,2026-08-06,FALSE,-23354684,0.19,reported,NA,NA,-0.26251763960030844,405851701,NA,NA,NA,NA,64267288,420124274,355856986,NA,0.18059864082589627,13.44,26473222,299650,5049520,-398509,-18703673,NA,NA
OCSL,0001414932,2018Q3,2018-09-30,2023-11-14,FALSE,NA,NA,NA,NA,NA,NA,NA,NA,NA,NA,NA,NA,NA,858035000,NA,NA,18.26,46987000,NA,NA,NA,NA,NA,NA
OCSL,0001414932,2019Q3,2019-09-30,2023-11-14,FALSE,NA,NA,NA,NA,NA,NA,NA,NA,NA,NA,NA,NA,NA,930630000,NA,NA,19.81,46987000,NA,NA,NA,NA,NA,NA
OCSL,0001414932,2020Q3,2020-09-30,2023-11-14,FALSE,NA,NA,NA,NA,NA,NA,NA,NA,NA,NA,NA,NA,NA,914879000,NA,NA,19.47,46987000,NA,NA,NA,NA,NA,NA
OCSL,0001414932,2021Q3,2021-09-30,2023-02-07,FALSE,NA,NA,NA,NA,NA,NA,NA,NA,NA,NA,NA,NA,NA,1312823000,NA,NA,21.84,60120000,NA,NA,NA,NA,NA,NA
OCSL,0001414932,2021Q4,2021-12-31,2023-02-07,FALSE,35603000,0.54,reported,0.465,1.1612903225806452,0.1074758067741787,NA,NA,NA,NA,NA,NA,NA,1325061000,NA,NA,22.03,60156000,64941000,NA,NA,39408000,9952000,NA
OCSL,0001414932,2022Q1,2022-03-31,2023-05-04,FALSE,40098000,0.66,reported,0.48,1.3750000000000002,0.12056140519672634,NA,NA,NA,NA,NA,NA,NA,1330376000,NA,NA,21.79,61068000,64298000,NA,NA,14441000,10082000,NA
OCSL,0001414932,2022Q2,2022-06-30,2023-08-03,FALSE,40370000,0.66,reported,0.5,1.32,0.12780078652725818,NA,NA,NA,NA,NA,NA,NA,1263529000,NA,NA,20.67,61125000,63137000,NA,NA,-37834000,9819000,NA
OCSL,0001414932,2022Q3,2022-09-30,2023-11-14,TRUE,35858000,0.5900000000000001,reported,0.51,1.1568627450980393,0.11515435188745973,2494111000,2617754000,0.9527675251379618,-123643000,1301043000,1400750000,2646313000,1245563000,1.0445421066618068,1.1245918512351443,20.38,61125000,70144000,NA,NA,13208000,9703000,NA
OCSL,0001414932,2022Q4,2022-12-31,2023-02-07,FALSE,38886000,0.63,reported,0.96,0.65625,0.12940551036656742,2642870000,2778014000,0.951352297000663,-135144000,1463624000,1565271000,2767260000,1201989000,1.2176683813246212,1.3022340470669864,19.63,61220000,79179000,NA,NA,13172000,9917000,NA
OCSL,0001414932,2023Q1,2023-03-31,2023-05-04,FALSE,45978000,0.63,reported,0.55,1.1454545454545453,0.12138204138204138,3164860000,3320378000,0.953162561611961,-155518000,1723840000,1803357000,3318507000,1515150000,1.1377355377355378,1.1902168102168103,19.66,77080000,96302000,NA,NA,21522000,11483000,NA
OCSL,0001414932,2023Q2,2023-06-30,2023-08-03,FALSE,48413000,0.63,reported,0.55,1.1454545454545453,0.12829385182991584,3135619000,3296285000,0.951258462177876,-160666000,1740066000,1826533000,3335974000,1509441000,1.1527883501243175,1.2100724705371062,19.58,77080000,101900000,NA,NA,36685000,11983000,NA
OCSL,0001414932,2023Q3,2023-09-30,2023-11-14,TRUE,47498000,0.6199999999999999,reported,0.5499999999999998,1.1272727272727274,0.12534405092085577,2892420000,3044119000,0.9501665342255017,-151699000,1600731000,1702075000,3217839000,1515764000,1.056055560100385,1.1229155726089286,19.63,77225000,101905000,NA,NA,45952000,11516000,NA
OCSL,0001414932,2023Q4,2023-12-31,2024-02-01,FALSE,44189000,0.57,reported,0.62,0.9193548387096774,0.11692910599073464,3018552000,3187750000,0.9469224374558858,-169198000,1622717000,1754544000,3266195000,1511651000,1.0734733083231514,1.160680606833191,19.14,78965000,97985000,NA,NA,10535000,11477000,NA
OCSL,0001414932,2024Q1,2024-03-31,2024-04-30,FALSE,41367000,0.52,reported,0.55,0.9454545454545454,0.10856775052014338,3047445000,3243772000,0.9394757091435526,-196327000,1635642000,1773840000,3297939000,1524099000,1.0731861906608429,1.163861402704155,18.72,81396000,94029000,NA,NA,9337000,11604000,NA
OCSL,0001414932,2024Q2,2024-06-30,2024-08-01,FALSE,44575000,0.54,reported,0.55,0.9818181818181818,0.11917389697306323,3121703000,3292932000,0.9480010519500555,-171229000,1697164000,1826048000,3322181000,1496133000,1.1343670649601338,1.2205118127866974,18.19,82245000,94966000,NA,NA,1120000,11781000,NA
OCSL,0001414932,2024Q3,2024-09-30,2024-11-19,TRUE,44921000,0.5500000000000003,reported,0.55,1.0000000000000004,0.12077071617295476,3021279000,3144919000,0.9606857919075181,-123640000,1638693000,1710530000,3198341000,1487811000,1.1014120745175295,1.149695761087934,18.09,82245000,94685000,NA,NA,36913000,8550000,NA
OCSL,0001414932,2024Q4,2024-12-31,2025-02-04,FALSE,44565000,0.54,reported,0.55,0.9818181818181818,0.12295361822025569,2835294000,2987920000,0.9489189804278562,-152626000,1577795000,1633977000,3083792000,1449815000,1.088273331425044,1.1270244824339657,17.63,82245000,86647000,NA,NA,7239000,8144000,NA
OCSL,0001414932,2025Q1,2025-03-31,2025-05-01,FALSE,39333000,0.45,reported,0.47,0.9574468085106383,0.10665759165569011,2892771000,3114256000,0.9288802847293222,-221485000,1448486000,1604054000,3079167000,1475113000,0.9819491794865884,1.087410930552439,16.75,88086000,77568000,NA,NA,-36249000,7515000,NA
OCSL,0001414932,2025Q2,2025-06-30,2025-08-05,FALSE,33537000,0.38,reported,0.42,0.9047619047619048,0.09085730889033228,2809377000,3012589000,0.9325457272797584,-203212000,1447551000,1487743000,2964212000,1476469000,0.9804140825171406,1.007635785106223,16.76,88086000,75271000,NA,NA,38352000,7195000,NA
OCSL,0001414932,2025Q3,2025-09-30,2025-11-18,TRUE,36066000,0.3999999999999999,reported,NA,NA,0.0984191025731113,2847782000,3075122000,0.9260712257920174,-227340000,1486880000,1537178000,3002991000,1465813000,1.0143722289268822,1.048686292180517,16.64,88086000,77315000,NA,NA,24578000,7309000,NA
OCSL,0001414932,2025Q4,2025-12-31,2026-02-04,FALSE,36720000,0.42,reported,NA,NA,0.10227080456792882,2949092000,3208969000,0.919015422087281,-259877000,1610022000,1662064000,3098251000,1436187000,1.1210392518523005,1.1572754801429062,16.3,88086000,75096000,NA,NA,5608000,7544000,NA
OCSL,0001414932,2026Q1,2026-03-31,2026-05-05,FALSE,34366000,0.39,reported,NA,NA,0.09946283240139386,2766367000,3067902000,0.9017129621480738,-301535000,1481650000,1512353000,2894417000,1382064000,1.0720559974067772,1.0942713217332916,15.69,88086000,70385000,NA,NA,-18889000,7107000,NA
OCSL,0001414932,2026Q2,2026-06-30,2026-08-05,FALSE,32824000,0.37,reported,NA,NA,0.09493187183445344,2741814000,2996697000,0.9149453548356741,-254883000,1438842000,1475137000,2858192000,1383055000,1.0403360676184243,1.066578697159549,15.7,88086000,69433000,NA,NA,30940000,7046000,NA
RAND,0000081955,2019Q4,2019-12-31,2024-03-05,FALSE,NA,NA,NA,NA,NA,NA,NA,NA,NA,NA,NA,NA,NA,53628516,NA,NA,32.93,NA,NA,NA,NA,NA,NA,NA
RAND,0000081955,2020Q4,2020-12-31,2024-03-05,FALSE,NA,NA,NA,NA,NA,NA,NA,NA,NA,NA,NA,NA,NA,46104830,NA,NA,17.86,NA,NA,NA,NA,NA,NA,NA
RAND,0000081955,2021Q4,2021-12-31,2023-05-09,FALSE,NA,NA,NA,NA,NA,NA,NA,NA,NA,NA,NA,NA,NA,60745416,NA,NA,23.54,NA,NA,NA,NA,NA,NA,NA
RAND,0000081955,2022Q1,2022-03-31,2023-05-09,FALSE,779370,0.3,reported,0.15,2,0.05200330701451461,NA,NA,NA,NA,NA,NA,NA,59947726,NA,NA,23.23,NA,1124748,-851471,-331069,-410537,240275,NA
RAND,0000081955,2022Q2,2022-06-30,2023-08-04,FALSE,1449380,NA,NA,NA,NA,0.10053935732447025,NA,NA,NA,NA,NA,NA,NA,57664184,NA,NA,22.34,NA,1353182,1540143,-4854669,-1896389,230767,NA
RAND,0000081955,2022Q3,2022-09-30,2023-11-06,FALSE,1055306,NA,NA,NA,NA,0.07230360118429104,NA,NA,NA,NA,NA,NA,NA,58381933,NA,NA,22.62,NA,1554265,1919,92817,1104902,225730,NA
RAND,0000081955,2022Q4,2022-12-31,2024-03-05,TRUE,1361896,0.48,reported,0.37999999999999995,1.2631578947368423,0.09437732886219512,61504259,55716237,1.103883936023892,5788022,NA,5759872,63481192,57721320,NA,0.09978760014497243,22.36,2581021,1732986,14902,-816851,320175,230454,NA
RAND,0000081955,2023Q1,2023-03-31,2023-05-09,FALSE,803653,0.28,reported,0.2,1.4000000000000001,0.05414047533125381,68190270,61000275,1.1178682391185941,7189995,NA,11229880,70605273,59375393,NA,0.18913356918749152,23,2581021,1851498,53388,1401973,2170277,245393,NA
RAND,0000081955,2023Q2,2023-06-30,2023-08-04,FALSE,508691,0.19708905894217832,computed,NA,NA,0.033138384289196444,66791743,60969018,1.0955030143342641,5822725,NA,14652809,76054837,61402028,NA,0.23863721569587246,23.79,2581021,1815432,3818247,-1300829,2671890,255867,NA
RAND,0000081955,2023Q3,2023-09-30,2023-11-06,FALSE,931178,0.3607789320582824,computed,NA,NA,0.06071024878180153,74684285,66261908,1.1271073721571676,8422377,NA,17687405,79039682,61352277,NA,0.2882925600300051,23.77,2581021,1741114,-2802731,2599652,595504,268609,NA
RAND,0000081955,2023Q4,2023-12-31,2024-03-05,TRUE,916322,0.3699999999999999,reported,0.6300000000000001,0.587301587301587,0.06026926190326753,77125712,68365606,1.1281361566516357,8760106,NA,20206769,81021982,60815213,NA,0.33226503703933424,23.56,2581021,1930119,-17825,271288,1088979,287297,NA
RAND,0000081955,2024Q1,2024-03-31,2024-05-13,FALSE,840363,0.32,reported,0.25,1.28,0.05459620087849246,82774125,76904315,1.0763261463287204,5869810,NA,22785791,84355130,61569339,NA,0.37008341116022053,23.85,2581021,2067219,3450092,-2890296,1399381,302595,NA
RAND,0000081955,2024Q2,2024-06-30,2025-08-04,FALSE,-516633,-0.2001661358043968,computed,NA,NA,-0.030142557136801012,87070967,73422131,1.185895394400906,13648836,NA,22230453,90789069,68558616,NA,0.3242546932394318,26.56,2581021,2136149,428108,7779026,7737773,322672,0
RAND,0000081955,2024Q3,2024-09-30,2024-11-06,FALSE,884524,0.34270313957151066,computed,NA,NA,0.050223775057193644,75035567,67052272,1.1190607679930666,7983295,NA,9351483,79798119,70446636,NA,0.1327456289041254,27.29,2581021,2218454,7230082,-5665541,2636516,309265,178218
RAND,0000081955,2024Q4,2024-12-31,2025-03-10,TRUE,2513749,0.8600000000000001,reported,0.84,1.023809523809524,0.15390491595915787,70818041,68120235,1.0396035920897806,2697806,NA,7124913,72457433,65332520,NA,0.109056148454093,25.31,2581021,2137463,16582,-5285489,-2946058,277628,0
RAND,0000081955,2025Q1,2025-03-31,2025-05-05,FALSE,1216839,0.41,reported,0.29,1.4137931034482758,0.07452553390761008,62157363,60757941,1.0230327423373349,1399422,NA,2510177,67821430,65311253,NA,0.03843406587223185,21.99,2969814,2007904,925332,-1298384,841447,252208,119673
RAND,0000081955,2025Q2,2025-06-30,2025-08-04,FALSE,2466456,0.8305085773048413,computed,NA,NA,0.17395761191328682,52364254,61277046,0.8545492548710655,-8912792,NA,925585,57639539,56713954,NA,0.01632023399391268,19.1,2969814,1602297,0,-10312214,-7736154,217649,0
RAND,0000081955,2025Q3,2025-09-30,2025-11-07,FALSE,983420,0.3311385830897154,computed,NA,NA,0.07336010691529524,44330872,53535367,0.8280670234314449,-9204495,NA,958274,54579788,53621514,NA,0.017871073166639793,18.06,2969814,1579623,NA,NA,-2231194,184382,NA
RAND,0000081955,2025Q4,2025-12-31,2026-03-05,TRUE,619506,0.19999999999999996,reported,0.85,0.23529411764705876,0.0474867770823828,48480496,57062399,0.8496049386216658,-8581903,NA,1011859,53195312,52183453,NA,0.019390418644776152,17.57,2969814,1285068,NA,NA,1086281,176391,NA
RAND,0000081955,2026Q1,2026-03-31,2026-05-06,FALSE,597932,0.19,reported,0.29,0.6551724137931035,0.0469381769411374,51543064,62165083,0.8291320708121631,-10622019,NA,1559771,52514626,50954855,NA,0.030610841695065172,17.16,2969814,1239849,NA,NA,-367469,189695,NA
RAND,0000081955,2026Q2,2026-06-30,2026-08-05,FALSE,747029,0.25154066887690607,computed,NA,NA,0.05806689781499132,56500906,67460476,0.8375408735627659,-10959570,NA,6200779,57660666,51459887,NA,0.12049733027979638,17.33,2969814,1394419,NA,NA,1366278,205153,NA
SLRC,0001418076,2018Q4,2018-12-31,2023-02-28,FALSE,NA,NA,NA,NA,NA,NA,NA,NA,NA,NA,NA,NA,NA,919171000,NA,NA,21.75,42260826,NA,NA,NA,NA,NA,NA
SLRC,0001418076,2019Q4,2019-12-31,2023-02-28,FALSE,NA,NA,NA,NA,NA,NA,NA,NA,NA,NA,NA,NA,NA,905880000,NA,NA,21.44,42260826,NA,NA,NA,NA,NA,NA
SLRC,0001418076,2020Q4,2020-12-31,2023-02-28,FALSE,NA,NA,NA,NA,NA,NA,NA,NA,NA,NA,NA,NA,NA,852023000,NA,NA,20.16,42260826,NA,NA,NA,NA,NA,NA
SLRC,0001418076,2021Q1,2021-03-31,2022-08-02,FALSE,NA,NA,NA,NA,NA,NA,NA,NA,NA,NA,NA,NA,NA,856206000,NA,NA,NA,NA,NA,NA,NA,NA,NA,NA
SLRC,0001418076,2021Q2,2021-06-30,2022-08-02,FALSE,15519000,0.3672195143559191,computed,NA,NA,0.07239639580801589,NA,NA,NA,NA,NA,NA,NA,857446000,NA,NA,20.29,42260826,35572000,561000,2487000,NA,6890000,NA
SLRC,0001418076,2021Q3,2021-09-30,2022-11-02,FALSE,15006000,0.3550806129534714,computed,NA,NA,0.07032771327139158,NA,NA,NA,NA,NA,NA,NA,853490000,NA,NA,20.2,42260826,32163000,-127000,-1508000,NA,7142000,NA
SLRC,0001418076,2021Q4,2021-12-31,2023-02-28,TRUE,14936000,0.34999999999999987,reported,-0.25,-1.3999999999999995,0.07093119754571219,NA,2016953000,NA,NA,812038000,1168730000,2011011000,842281000,0.9640939306478479,1.3875773049611708,19.93,42260826,35732000,-42000,-8776000,NA,7435000,NA
SLRC,0001418076,2022Q1,2022-03-31,2023-05-10,FALSE,13478000,0.32,reported,0.41,0.7804878048780488,0.06523583130550316,NA,NA,NA,NA,NA,NA,NA,826417000,NA,NA,19.56,42260826,33006000,30000,-12045000,NA,7216000,NA
SLRC,0001418076,2022Q2,2022-06-30,2022-08-02,FALSE,20294000,0.3705133790219502,computed,NA,NA,0.07996430094773892,NA,2416780000,NA,NA,998081000,1377300000,2392453000,1015153000,0.9831828305683971,1.3567412990948162,18.53,54772651,42780000,-105000,-35835000,NA,6913000,NA
SLRC,0001418076,2022Q3,2022-09-30,2022-11-02,FALSE,20055000,0.366149887468474,computed,NA,NA,0.07972371984397128,NA,2467745000,NA,NA,1148291000,1449210000,2455435000,1006225000,1.1411871102387636,1.44024447812368,18.37,54772651,47567000,-37326000,30799000,NA,7890000,NA
SLRC,0001418076,2022Q4,2022-12-31,2024-02-27,TRUE,22539000,0.41999999999999993,reported,0.06000000000000005,6.999999999999993,0.09018025848953369,2086676000,2552177000,0.8176063023841998,-465501000,1085998000,1537964000,2537695000,999731000,1.0862902120670461,1.5383778236345578,18.33,54555380,54152000,916000,-4458000,NA,7963000,NA
SLRC,0001418076,2023Q1,2023-03-31,2024-05-08,FALSE,22147000,0.41,reported,0.41,1,0.09001217259479484,NA,2577464000,NA,NA,1115522000,1572021000,2556199000,984178000,1.1334555334502499,1.5972933757917775,18.04,54554634,53547000,687000,-16010000,6824000,7706000,NA
SLRC,0001418076,2023Q2,2023-06-30,2024-08-07,FALSE,22676000,0.41565671579796504,computed,NA,NA,0.0924791370353944,NA,2582726000,NA,NA,1213033000,1572425000,2553230000,980805000,1.2367728549507802,1.6031983931566418,17.98,54554634,56337000,498000,-4179000,18995000,7878000,NA
SLRC,0001418076,2023Q3,2023-09-30,2024-11-06,FALSE,23359000,0.42817627554792137,computed,NA,NA,0.0948218209126382,2171056000,2204617000,0.9847769476512247,-33561000,1191754000,1553701000,2539086000,985385000,1.2094298167721247,1.5767451300760615,18.06,54554634,59641000,-30951000,34539000,26947000,8051000,NA
SLRC,0001418076,2023Q4,2023-12-31,2024-02-27,TRUE,23909000,0.43999999999999995,reported,0.4099999999999999,1.0731707317073171,0.09693109637871603,NA,NA,NA,NA,1177777000,1537229000,2523868000,986639000,1.1937263781383058,1.5580460533183869,18.09,54554634,59787000,1783000,-2070000,23622000,8026000,NA
SLRC,0001418076,2024Q1,2024-03-31,2024-05-08,FALSE,23852000,0.44,reported,0.41,1.0731707317073171,0.09616355706788235,NA,NA,NA,NA,1157323000,1476320000,2468463000,992143000,1.1664880969779559,1.4880113048219863,18.19,54554634,58099000,135000,3884000,27871000,7882000,NA
SLRC,0001418076,2024Q2,2024-06-30,2024-08-07,FALSE,24318000,0.4457549838937605,computed,NA,NA,0.09795740798366168,220803000,NA,NA,NA,1154353000,1455275000,2448278000,993003000,1.16248692098614,1.4655293085720789,18.2,54554634,58978000,105000,-1195000,23228000,7875000,NA
SLRC,0001418076,2024Q3,2024-09-30,2024-11-06,FALSE,24348000,0.44630489134983475,computed,NA,NA,0.09810967225252723,204080000,NA,NA,NA,1101954000,1450227000,2442912000,992685000,1.1100741927197448,1.4609135828586108,18.2,54554634,59771000,-2748000,449000,22049000,7893000,NA
SLRC,0001418076,2024Q4,2024-12-31,2025-08-05,TRUE,23792000,0.42999999999999994,reported,0.4099999999999999,1.048780487804878,0.09584601470804471,2005634000,2039566000,0.9833631272535431,-33932000,1031694000,1456491000,2449417000,992926000,1.0390441986613304,1.4668676215548793,18.2,54554634,55583000,256000,-1439000,22609000,7739000,NA
SLRC,0001418076,2025Q1,2025-03-31,2025-05-07,FALSE,22105000,0.41,reported,0.41,1,0.08926939832506298,NA,NA,NA,NA,1039412000,1512487000,2502972000,990485000,1.0493970125746477,1.5270165625930732,18.16,54554634,53178000,-422000,-1757000,19926000,7513000,NA
SLRC,0001418076,2025Q2,2025-06-30,2025-08-05,FALSE,21609000,0.3960983406102587,computed,NA,NA,0.08710242062016488,2134938000,2168239000,0.9846414532715259,-33301000,1173149000,1544923000,2537272000,992349000,1.1821939660341272,1.5568343395317574,18.19,54554634,53913000,235000,2388000,24232000,7760000,NA
SLRC,0001418076,2025Q3,2025-09-30,2025-11-04,FALSE,21626000,0.3964099548353674,computed,NA,NA,0.08708862594597533,2105293000,2138238000,0.9845924541608558,-32945000,1138962000,1536605000,2529892000,993287000,1.1466595253939698,1.5469899434906527,18.21,54554634,56992000,1323000,356000,23305000,7977000,NA
SLRC,0001418076,2025Q4,2025-12-31,2026-02-24,TRUE,21600000,0.3900000000000001,reported,0.43999999999999995,0.8863636363636368,0.08674759762367808,2124812000,2154739000,0.9861110788824076,-29927000,1146354000,1576571000,2572564000,995993000,1.1509659204432159,1.5829137353374974,18.26,54554634,54461000,456000,3018000,25074000,7957000,NA
SLRC,0001418076,2026Q1,2026-03-31,2026-05-05,FALSE,17850000,0.33,reported,0.33,1,0.0720666161998486,2113204000,2143830000,0.9857143523506995,-30626000,1138207000,1549661000,2540411000,990750000,1.148833711834469,1.5641291950542517,18.16,54554634,49287000,-27000,-699000,17124000,7784000,NA
SLRC,0001418076,2026Q2,2026-06-30,2026-08-04,FALSE,17761000,0.3255635442444724,computed,NA,NA,0.07233835009830904,2099331000,2139297000,0.9813181619943374,-39966000,1153686000,1577928000,2560035000,982107000,1.1747049965024177,1.6066762582895753,18,54554634,48820000,-152000,-9340000,8269000,7847000,NA
TCPC,0001370755,2018Q4,2018-12-31,2023-02-28,FALSE,NA,NA,NA,NA,NA,NA,NA,NA,NA,NA,NA,NA,NA,830474727,NA,NA,14.13,58774607,NA,NA,NA,NA,NA,NA
TCPC,0001370755,2019Q4,2019-12-31,2023-02-28,FALSE,NA,NA,NA,NA,NA,NA,NA,NA,NA,NA,NA,NA,NA,776318386,NA,NA,13.21,58766426,NA,NA,NA,NA,NA,NA
TCPC,0001370755,2020Q4,2020-12-31,2023-02-28,FALSE,NA,NA,NA,NA,NA,NA,NA,NA,NA,NA,NA,NA,NA,764986578,NA,NA,13.24,57767264,NA,NA,NA,NA,NA,NA
TCPC,0001370755,2021Q1,2021-03-31,2023-08-03,FALSE,NA,NA,NA,NA,NA,NA,NA,NA,NA,NA,NA,NA,NA,783141221,NA,NA,13.56,NA,NA,NA,NA,NA,NA,NA
TCPC,0001370755,2021Q2,2021-06-30,2023-08-03,FALSE,NA,NA,NA,NA,NA,NA,NA,NA,NA,NA,NA,NA,NA,820637593,NA,NA,14.21,NA,NA,NA,NA,NA,NA,NA
TCPC,0001370755,2021Q3,2021-09-30,2022-11-03,FALSE,18691595,0.3235672542843642,computed,NA,NA,0.09182756589262196,NA,NA,NA,NA,NA,NA,NA,814204093,NA,NA,14.09,57767264,NA,7925447,-9514074,10896679,NA,NA
TCPC,0001370755,2021Q4,2021-12-31,2023-02-28,TRUE,17642947,0.30541427407744287,computed,0.29999999999999993,1.0180475802581432,0.0850819499622401,1841138122,1821602910,1.0107241879625675,19535212,1012461340,1064772691,1894229327,829456636,1.220632033137414,1.2836990443946488,14.36,57767264,NA,-6508544,21448319,32582723,NA,NA
TCPC,0001370755,2022Q1,2022-03-31,2023-05-04,FALSE,19753940,0.34195734109893106,computed,0.3,1.1398578036631035,0.09583913942032776,NA,NA,NA,NA,NA,NA,NA,824462328,NA,NA,14.27,57767264,NA,-78534,-7226446,12448960,NA,NA
TCPC,0001370755,2022Q2,2022-06-30,2023-08-03,FALSE,21270198,0.36820504429636824,computed,NA,NA,0.1054279584714959,NA,NA,NA,NA,NA,NA,NA,807004074,NA,NA,13.97,57767264,NA,-18366781,-3031492,-128075,NA,NA
TCPC,0001370755,2022Q3,2022-09-30,2022-11-03,FALSE,24391467,0.4222368398821866,computed,NA,NA,0.119578778275037,1678875152,1668767206,1.0060571336515107,10107946,983872533,995809796,1811722698,815912902,1.2058548536103428,1.22048541401788,14.12,57767264,NA,257640,1589900,26239007,NA,NA
TCPC,0001370755,2022Q4,2022-12-31,2023-02-28,TRUE,23022568,0.3985400451023611,computed,0.37,1.0771352570334083,0.1233207962694103,1609587641,1669779921,0.9639519680150711,-60192280,944005814,972596059,1719349849,746753790,1.2641459965003994,1.3024320358655295,12.93,57767264,NA,-43276,-70764516,-47785224,NA,NA
TCPC,0001370755,2023Q1,2023-03-31,2023-05-04,FALSE,25373127,0.4392302013818761,computed,0.32,1.3725943793183626,0.13514636622951934,1665730102,1697777441,0.9811239457975576,-32047339,1022620485,1041817311,1792799456,750982145,1.361710783416828,1.3872730769118353,13,57767264,NA,-30629704,27970456,22713879,NA,NA
TCPC,0001370755,2023Q2,2023-06-30,2023-08-03,FALSE,27604479,0.4778567840775703,computed,NA,NA,0.14769810506295694,1640558034,1683606801,0.9744306289482612,-43048767,1021131891,1045147109,1792739070,747591961,1.3658946915829664,1.3980181215458523,12.94,57767264,NA,-394628,-10959165,16250686,NA,NA
TCPC,0001370755,2023Q3,2023-09-30,2023-11-02,FALSE,28319912,0.4902415319513834,computed,NA,NA,0.15412253686151992,1593320718,1651942594,0.9645133697666494,-58621876,970374273,984167557,1719164854,734997297,1.3202419613796212,1.339008403183284,12.72,57767264,NA,-128841,-15368139,12822932,NA,NA
TCPC,0001370755,2023Q4,2023-12-31,2024-02-29,TRUE,25259240,0.4372587214793486,computed,0.5899999999999999,0.7411164770836418,0.1469411472207481,1554941110,1651390013,0.9415953213712454,-96448903,985200609,1011170807,1698772353,687601546,1.432807437288688,1.4705766921006893,11.9,57767264,NA,-495059,-38077246,-13313065,NA,NA
TCPC,0001370755,2024Q1,2024-03-31,2024-05-01,FALSE,28261273,0.3301892576864328,computed,0.34,0.9711448755483317,0.11856022596628307,2116419296,2236061584,0.9464941892226525,-119642288,1302812708,1330049711,2283532138,953482427,1.3663730668840108,1.3949388822873396,11.14,85591134,NA,-168077,-23036055,5057141,NA,NA
TCPC,0001370755,2024Q2,2024-06-30,2024-08-07,FALSE,35825532,0.4185659229611329,computed,NA,NA,0.16412933206639435,1980908901,2152022893,0.9204869090581742,-171113992,1320313446,1345576563,2218681487,873104924,1.5122047874282747,1.5411395881670689,10.2,85591134,NA,-35513930,-51588119,-51276517,NA,NA
TCPC,0001370755,2024Q3,2024-09-30,2025-11-06,FALSE,33877641,0.3958078298156442,computed,NA,NA,0.15654434822855715,1909089361,2061032995,0.9262779225909481,-151943634,1160042987,1182063994,2047700892,865636898,1.340103442540639,1.3655425233502465,10.11,85591134,NA,-31425777,19181096,21632960,6185025,6540286
TCPC,0001370755,2024Q4,2024-12-31,2026-02-27,TRUE,33793424,0.3999999999999999,reported,0.43999999999999995,0.909090909090909,0.17216866804755232,1794758336,2019214062,0.8888400540467314,-224455726,1118340225,1137907696,1923031363,785123667,1.4244128307496302,1.449335619123554,9.23,85080447,NA,-3162,-72341018,-38550756,5973308,0
TCPC,0001370755,2025Q1,2025-03-31,2026-05-07,FALSE,32202669,0.38,reported,0.29,1.310344827586207,0.16486312060707237,1769273768,1964187506,0.9007662265417139,-194913738,1098904196,1117584635,1898903559,781318924,1.406473287980927,1.430382140596917,9.18,85077297,NA,-40917338,29609257,20894588,5483844,NA
TCPC,0001370755,2025Q2,2025-06-30,2026-08-06,FALSE,27594675,0.32450401543610696,computed,NA,NA,0.14906433183203338,1792334843,1964431270,0.9123937652448385,-172096427,1174640591,1196491662,1936968600,740476938,1.5863297433309125,1.6158391984923641,8.71,85036467,NA,-66297375,22796116,-15906584,5461118,NA
TCPC,0001370755,2025Q3,2025-09-30,2025-11-06,FALSE,27281273,0.3209146190385407,computed,NA,NA,0.14746162515616748,1716691417,1795012695,0.9563672846336053,-78321278,1051615309,1070856969,1810880632,740023663,1.4210563277623192,1.4470577395577147,8.71,85011001,NA,-97037398,94125837,24369712,5544927,0
TCPC,0001370755,2025Q4,2025-12-31,2026-02-27,TRUE,22059885,0.26,reported,0.2500000000000001,1.0399999999999996,0.14755450288164795,1533302472,1678046196,0.9137427060440713,-144743724,1035542837,1052347268,1650360465,598013197,1.7316387701724918,1.7597392052202487,7.07,84564578,NA,-73880655,-66467959,-118288729,5343305,0
TCPC,0001370755,2026Q1,2026-03-31,2026-05-07,FALSE,18476895,0.22,reported,0.17,1.2941176470588234,0.13078417921400515,1388668517,1535496962,0.9043772481263952,-146828445,925843147,944442268,1509553281,565111013,1.638338531194047,1.671250862704387,6.72,84059145,NA,-32730849,-2047934,-16301888,4656061,NA
TCPC,0001370755,2026Q2,2026-06-30,2026-08-06,FALSE,18142378,0.21623096494722613,computed,NA,NA,0.13146488132111453,1290523348,1436179888,0.8985805739120614,-145656540,910581937,924456700,1476463527,552006827,1.6495845566779557,1.67471968603026,6.58,83902775,NA,-14753910,1258675,1749788,4235490,NA
