ticker,filed,nav_known,nav_known_period
ARCC,2023-02-07,16.04,2012-12-31
ARCC,2023-02-07,16.46,2013-12-31
ARCC,2023-02-07,16.82,2014-12-31
ARCC,2023-02-07,16.46,2015-12-31
ARCC,2023-02-07,16.45,2016-12-31
ARCC,2023-02-07,16.65,2017-12-31
ARCC,2023-02-07,17.12,2018-12-31
ARCC,2023-02-07,17.32,2019-12-31
ARCC,2022-10-25,16.97,2020-12-31
ARCC,2022-10-25,18.52,2021-09-30
ARCC,2022-10-25,18.96,2021-12-31
ARCC,2023-04-25,19.03,2022-03-31
ARCC,2023-07-25,18.81,2022-06-30
ARCC,2022-10-25,18.56,2022-09-30
ARCC,2023-02-07,18.4,2022-12-31
ARCC,2023-04-25,18.45,2023-03-31
ARCC,2023-07-25,18.58,2023-06-30
ARCC,2023-10-24,18.99,2023-09-30
ARCC,2024-02-07,19.24,2023-12-31
ARCC,2024-05-01,19.53,2024-03-31
ARCC,2024-07-30,19.61,2024-06-30
ARCC,2024-10-30,19.77,2024-09-30
ARCC,2025-02-05,19.89,2024-12-31
ARCC,2025-04-29,19.82,2025-03-31
ARCC,2025-07-29,19.9,2025-06-30
ARCC,2025-10-28,20.01,2025-09-30
ARCC,2026-02-04,19.94,2025-12-31
ARCC,2026-04-28,19.59,2026-03-31
ARCC,2026-07-29,19.35,2026-06-30
BBDC,2024-02-22,16.1,2013-12-31
BBDC,2024-02-22,16.11,2014-12-31
BBDC,2024-02-22,15.23,2015-12-31
BBDC,2024-02-22,15.13,2016-12-31
BBDC,2023-02-23,13.43,2017-12-31
BBDC,2023-02-23,10.98,2018-12-31
BBDC,2023-02-23,11.66,2019-12-31
BBDC,2022-11-10,10.99,2020-12-31
BBDC,2022-11-10,11.4,2021-09-30
BBDC,2022-11-10,11.36,2021-12-31
BBDC,2023-05-04,11.86,2022-03-31
BBDC,2023-08-09,11.41,2022-06-30
BBDC,2022-11-10,11.28,2022-09-30
BBDC,2023-02-23,11.05,2022-12-31
BBDC,2023-05-04,11.17,2023-03-31
BBDC,2023-08-09,11.34,2023-06-30
BBDC,2023-11-09,11.25,2023-09-30
BBDC,2024-02-22,11.28,2023-12-31
BBDC,2024-05-07,11.44,2024-03-31
BBDC,2024-08-07,11.36,2024-06-30
BBDC,2024-11-06,11.32,2024-09-30
BBDC,2025-02-20,11.29,2024-12-31
BBDC,2025-05-08,11.29,2025-03-31
BBDC,2025-08-07,11.18,2025-06-30
BBDC,2025-11-06,11.1,2025-09-30
BBDC,2026-02-19,11.09,2025-12-31
BBDC,2026-05-07,11.02,2026-03-31
BBDC,2026-08-05,10.94,2026-06-30
BCSF,2025-02-27,20.1,2016-12-31
BCSF,2023-02-28,20.3,2017-12-31
BCSF,2023-02-28,19.46,2018-12-31
BCSF,2023-02-28,19.72,2019-12-31
BCSF,2023-02-28,17.29,2020-03-31
BCSF,2023-02-28,15.81,2020-06-30
BCSF,2023-02-28,16.27,2020-09-30
BCSF,2022-11-09,16.54,2020-12-31
BCSF,2023-02-28,16.69,2021-03-31
BCSF,2023-02-28,17.01,2021-06-30
BCSF,2022-11-09,17.03,2021-09-30
BCSF,2022-11-09,17.04,2021-12-31
BCSF,2023-02-28,17.22,2022-03-31
BCSF,2023-02-28,17.15,2022-06-30
BCSF,2022-11-09,16.98,2022-09-30
BCSF,2023-02-28,17.29,2022-12-31
BCSF,2023-05-09,17.37,2023-03-31
BCSF,2023-08-08,17.44,2023-06-30
BCSF,2023-11-06,17.54,2023-09-30
BCSF,2024-02-27,17.6,2023-12-31
BCSF,2024-05-06,17.7,2024-03-31
BCSF,2024-08-06,17.7,2024-06-30
BCSF,2024-11-05,17.76,2024-09-30
BCSF,2025-02-27,17.65,2024-12-31
BCSF,2025-05-05,17.64,2025-03-31
BCSF,2025-08-05,17.56,2025-06-30
BCSF,2025-11-10,17.4,2025-09-30
BCSF,2026-02-27,17.23,2025-12-31
BCSF,2026-05-11,16.86,2026-03-31
BCSF,2026-08-10,16.65,2026-06-30
BXSL,2024-02-28,25,2017-12-31
BXSL,2023-02-27,25,2018-11-20
BXSL,2023-02-27,24.57,2018-12-31
BXSL,2023-02-27,26.02,2019-12-31
BXSL,2022-11-10,25.2,2020-12-31
BXSL,2022-11-10,26.15,2021-09-30
BXSL,2022-11-10,26.27,2021-12-31
BXSL,2023-05-10,26.13,2022-03-31
BXSL,2023-08-09,25.89,2022-06-30
BXSL,2022-11-10,25.76,2022-09-30
BXSL,2023-02-27,25.93,2022-12-31
BXSL,2023-05-10,26.1,2023-03-31
BXSL,2023-08-09,26.3,2023-06-30
BXSL,2023-11-08,26.54,2023-09-30
BXSL,2024-02-28,26.66,2023-12-31
BXSL,2024-05-08,26.87,2024-03-31
BXSL,2024-08-07,27.19,2024-06-30
BXSL,2024-11-12,27.27,2024-09-30
BXSL,2025-02-26,27.39,2024-12-31
BXSL,2025-05-07,27.39,2025-03-31
BXSL,2025-08-06,27.33,2025-06-30
BXSL,2025-11-10,27.15,2025-09-30
BXSL,2026-02-25,26.92,2025-12-31
BXSL,2026-05-07,26.26,2026-03-31
BXSL,2026-08-06,25.53,2026-06-30
CCAP,2023-02-22,20.1,2017-12-31
CCAP,2023-02-22,19.43,2018-12-31
CCAP,2023-02-22,19.5,2019-12-31
CCAP,2022-11-09,19.88,2020-12-31
CCAP,2024-02-21,20.24,2021-03-31
CCAP,2024-02-21,20.98,2021-06-30
CCAP,2022-11-09,21.16,2021-09-30
CCAP,2022-11-09,21.12,2021-12-31
CCAP,2023-05-10,21.18,2022-03-31
CCAP,2023-08-09,20.69,2022-06-30
CCAP,2022-11-09,20.16,2022-09-30
CCAP,2023-02-22,19.83,2022-12-31
CCAP,2023-05-10,19.38,2023-03-31
CCAP,2023-08-09,19.58,2023-06-30
CCAP,2023-11-08,19.7,2023-09-30
CCAP,2024-02-21,20.04,2023-12-31
CCAP,2024-05-08,20.28,2024-03-31
CCAP,2024-08-12,20.3,2024-06-30
CCAP,2024-11-12,20.2,2024-09-30
CCAP,2025-02-19,19.98,2024-12-31
CCAP,2025-05-14,19.62,2025-03-31
CCAP,2025-08-13,19.55,2025-06-30
CCAP,2025-11-12,19.28,2025-09-30
CCAP,2026-02-25,19.1,2025-12-31
CCAP,2026-05-13,18.27,2026-03-31
CCAP,2026-08-10,17.82,2026-06-30
CGBD,2024-02-26,19.42,2013-12-31
CGBD,2024-02-26,18.86,2014-12-31
CGBD,2024-02-26,18.14,2015-12-31
CGBD,2024-02-26,18.32,2016-12-31
CGBD,2023-02-27,18.12,2017-12-31
CGBD,2023-02-27,17.09,2018-12-31
CGBD,2023-02-27,16.56,2019-12-31
CGBD,2022-11-08,15.39,2020-12-31
CGBD,2022-11-08,16.65,2021-09-30
CGBD,2022-11-08,16.91,2021-12-31
CGBD,2023-05-09,17.11,2022-03-31
CGBD,2023-08-08,16.81,2022-06-30
CGBD,2022-11-08,17.16,2022-09-30
CGBD,2023-02-27,16.99,2022-12-31
CGBD,2023-05-09,17.09,2023-03-31
CGBD,2023-08-08,16.73,2023-06-30
CGBD,2023-11-07,16.86,2023-09-30
CGBD,2024-02-26,16.99,2023-12-31
CGBD,2024-05-07,17.07,2024-03-31
CGBD,2024-08-05,16.95,2024-06-30
CGBD,2024-11-05,16.85,2024-09-30
CGBD,2025-02-25,16.8,2024-12-31
CGBD,2025-05-06,16.64,2025-03-25
CGBD,2025-05-06,16.63,2025-03-31
CGBD,2025-08-05,16.43,2025-06-30
CGBD,2025-11-04,16.36,2025-09-30
CGBD,2026-02-24,16.26,2025-12-31
CGBD,2026-05-11,15.89,2026-03-31
CGBD,2026-08-06,15.61,2026-06-30
CION,2023-03-16,18.28,2017-12-31
CION,2023-03-16,17.38,2018-12-31
CION,2023-03-16,16.8,2019-12-31
CION,2022-11-10,15.5,2020-12-31
CION,2022-11-10,16.52,2021-09-30
CION,2022-11-10,16.34,2021-12-31
CION,2023-05-10,16.2,2022-03-31
CION,2023-08-09,15.89,2022-06-30
CION,2022-11-10,16.26,2022-09-30
CION,2023-03-16,15.98,2022-12-31
CION,2023-05-10,15.11,2023-03-31
CION,2023-08-09,15.31,2023-06-30
CION,2023-11-09,15.8,2023-09-30
CION,2024-03-14,16.23,2023-12-31
CION,2024-05-09,16.05,2024-03-31
CION,2024-08-08,16.08,2024-06-30
CION,2024-11-07,15.73,2024-09-30
CION,2025-03-13,15.43,2024-12-31
CION,2025-05-08,14.28,2025-03-31
CION,2025-08-07,14.5,2025-06-30
CION,2025-11-06,14.86,2025-09-30
CION,2026-03-12,13.76,2025-12-31
CION,2026-05-07,13.11,2026-03-31
CION,2026-08-06,13.57,2026-06-30
CSWC,2023-05-23,17.34,2016-03-31
CSWC,2023-05-23,17.8,2017-03-31
CSWC,2023-05-23,19.08,2018-03-31
CSWC,2023-05-23,18.62,2019-03-31
CSWC,2023-05-23,15.13,2020-03-31
CSWC,2022-11-01,16.01,2021-03-31
CSWC,2022-11-01,16.58,2021-06-30
CSWC,2022-11-01,16.36,2021-09-30
CSWC,2023-01-31,16.19,2021-12-31
CSWC,2022-11-01,16.86,2022-03-31
CSWC,2022-11-01,16.54,2022-06-30
CSWC,2022-11-01,16.53,2022-09-30
CSWC,2023-01-31,16.25,2022-12-31
CSWC,2023-05-23,16.37,2023-03-31
CSWC,2023-08-08,16.38,2023-06-30
CSWC,2023-10-31,16.46,2023-09-30
CSWC,2024-01-30,16.77,2023-12-31
CSWC,2024-05-21,16.77,2024-03-31
CSWC,2024-08-06,16.6,2024-06-30
CSWC,2024-10-29,16.59,2024-09-30
CSWC,2025-02-04,16.59,2024-12-31
CSWC,2025-05-20,16.7,2025-03-31
CSWC,2025-08-07,16.59,2025-06-30
CSWC,2025-11-03,16.62,2025-09-30
CSWC,2026-02-02,16.75,2025-12-31
CSWC,2026-05-19,16.69,2026-03-31
CSWC,2026-08-03,16.61,2026-06-30
EQS,2025-12-18,3.18,2017-12-31
EQS,2025-12-18,3.22,2018-12-31
EQS,2025-12-17,3.4,2019-12-31
EQS,2025-12-17,2.5,2020-12-31
EQS,2025-12-18,2.52,2021-03-31
EQS,2025-12-18,2.57,2021-06-30
EQS,2025-12-18,2.68,2021-09-30
EQS,2025-12-17,2.69,2021-12-31
EQS,2025-12-18,2.77,2022-03-31
EQS,2025-12-18,2.75,2022-06-30
EQS,2025-12-18,2.68,2022-09-30
EQS,2025-12-17,2.61,2022-12-31
EQS,2025-12-17,2.52,2023-03-31
EQS,2025-12-17,2.96,2023-06-30
EQS,2025-12-17,3.49,2023-09-30
EQS,2025-12-17,3.55,2023-12-31
EQS,2025-12-17,3.38,2024-03-31
EQS,2025-12-17,3.66,2024-06-30
EQS,2025-12-17,2.96,2024-09-30
EQS,2025-12-17,2.17,2024-12-31
EQS,2025-12-17,2.52,2025-03-31
EQS,2025-12-17,2.51,2025-06-30
EQS,2025-12-17,1.9,2025-09-30
EQS,2026-04-20,1.19,2025-12-31
FDUS,2023-03-02,15.32,2012-12-31
FDUS,2023-03-02,15.35,2013-12-31
FDUS,2023-03-02,15.16,2014-12-31
FDUS,2023-03-02,15.17,2015-12-31
FDUS,2023-03-02,15.76,2016-12-31
FDUS,2023-03-02,16.05,2017-12-31
FDUS,2023-03-02,16.47,2018-12-31
FDUS,2023-03-02,16.85,2019-12-31
FDUS,2023-03-02,15.37,2020-03-31
FDUS,2023-03-02,15.39,2020-06-30
FDUS,2023-03-02,15.94,2020-09-30
FDUS,2022-11-03,16.81,2020-12-31
FDUS,2023-03-02,16.9,2021-03-31
FDUS,2023-03-02,17.57,2021-06-30
FDUS,2022-11-03,18.31,2021-09-30
FDUS,2022-11-03,19.96,2021-12-31
FDUS,2023-03-02,19.91,2022-03-31
FDUS,2023-03-02,19.8,2022-06-30
FDUS,2022-11-03,19.41,2022-09-30
FDUS,2023-03-02,19.43,2022-12-31
FDUS,2023-05-04,19.39,2023-03-31
FDUS,2023-08-03,19.13,2023-06-30
FDUS,2023-11-02,19.28,2023-09-30
FDUS,2024-02-29,19.37,2023-12-31
FDUS,2024-05-02,19.36,2024-03-31
FDUS,2024-08-01,19.5,2024-06-30
FDUS,2024-10-31,19.42,2024-09-30
FDUS,2025-03-06,19.33,2024-12-31
FDUS,2025-05-08,19.39,2025-03-31
FDUS,2025-08-07,19.57,2025-06-30
FDUS,2025-11-06,19.56,2025-09-30
FDUS,2026-02-26,19.55,2025-12-31
FDUS,2026-05-07,19.55,2026-03-31
FDUS,2026-08-06,19.46,2026-06-30
FSK,2023-02-27,37.2,2017-12-31
FSK,2023-02-27,31.35,2018-12-31
FSK,2023-02-27,30.54,2019-12-31
FSK,2022-11-07,25.02,2020-12-31
FSK,2022-11-07,27.17,2021-12-31
FSK,2022-11-07,25.3,2022-09-30
FSK,2023-02-27,24.89,2022-12-31
FSK,2023-05-05,24.93,2023-03-31
FSK,2023-08-07,24.69,2023-06-30
FSK,2023-11-06,24.89,2023-09-30
FSK,2024-02-26,24.46,2023-12-31
FSK,2024-05-08,24.32,2024-03-31
FSK,2024-08-06,23.95,2024-06-30
FSK,2024-11-06,23.82,2024-09-30
FSK,2025-02-26,23.64,2024-12-31
FSK,2025-05-07,23.37,2025-03-31
FSK,2025-08-06,21.93,2025-06-30
FSK,2025-11-05,21.99,2025-09-30
FSK,2026-02-25,20.89,2025-12-31
FSK,2026-05-11,18.83,2026-03-31
FSK,2026-08-06,18.3,2026-06-30
GAIN,2023-05-10,9.1,2013-03-31
GAIN,2023-05-10,8.34,2014-03-31
GAIN,2023-05-10,9.18,2015-03-31
GAIN,2023-05-10,9.22,2016-03-31
GAIN,2023-05-10,9.95,2017-03-31
GAIN,2023-05-10,10.85,2018-03-31
GAIN,2023-05-10,12.4,2019-03-31
GAIN,2023-05-10,11.17,2020-03-31
GAIN,2022-11-01,11.52,2021-03-31
GAIN,2022-11-01,12.66,2021-06-30
GAIN,2022-11-01,13.27,2021-09-30
GAIN,2023-02-01,13.27,2021-12-31
GAIN,2022-11-01,13.43,2022-03-31
GAIN,2022-11-01,13.44,2022-06-30
GAIN,2022-11-01,13.31,2022-09-30
GAIN,2023-02-01,13.43,2022-12-31
GAIN,2023-05-10,13.09,2023-03-31
GAIN,2023-08-02,12.99,2023-06-30
GAIN,2023-11-01,14.03,2023-09-30
GAIN,2024-02-06,13.01,2023-12-31
GAIN,2024-05-08,13.43,2024-03-31
GAIN,2024-08-05,13.01,2024-06-30
GAIN,2024-11-07,12.49,2024-09-30
GAIN,2025-02-12,13.3,2024-12-31
GAIN,2025-05-13,13.55,2025-03-31
GAIN,2025-08-12,12.99,2025-06-30
GAIN,2025-11-04,13.53,2025-09-30
GAIN,2026-02-03,14.95,2025-12-31
GAIN,2026-05-12,16.78,2026-03-31
GAIN,2026-08-06,16.24,2026-06-30
GBDC,2022-11-21,16.08,2017-09-30
GBDC,2022-11-21,16.1,2018-09-30
GBDC,2022-11-21,16.76,2019-09-30
GBDC,2022-11-21,14.33,2020-09-30
GBDC,2022-11-21,15.19,2021-09-30
GBDC,2023-02-08,15.26,2021-12-31
GBDC,2023-05-08,15.35,2022-03-31
GBDC,2023-08-07,15.14,2022-06-30
GBDC,2022-11-21,14.89,2022-09-30
GBDC,2023-02-08,14.71,2022-12-31
GBDC,2023-05-08,14.73,2023-03-31
GBDC,2023-08-07,14.83,2023-06-30
GBDC,2023-11-20,15.02,2023-09-30
GBDC,2024-02-05,15.03,2023-12-31
GBDC,2024-05-06,15.12,2024-03-31
GBDC,2024-08-05,15.32,2024-06-30
GBDC,2024-11-19,15.19,2024-09-30
GBDC,2025-02-04,15.13,2024-12-31
GBDC,2025-05-05,15.04,2025-03-31
GBDC,2025-08-04,15,2025-06-30
GBDC,2025-11-18,14.97,2025-09-30
GBDC,2026-02-04,14.84,2025-12-31
GBDC,2026-05-04,14.35,2026-03-31
GBDC,2026-08-03,14.25,2026-06-30
GECC,2023-03-02,74.51,2017-12-31
GECC,2023-03-02,62.02,2018-12-31
GECC,2023-03-02,51.81,2019-12-31
GECC,2022-11-03,20.74,2020-12-31
GECC,2023-11-02,23.36,2021-03-31
GECC,2023-11-02,23.4,2021-06-30
GECC,2022-11-03,22.17,2021-09-30
GECC,2022-11-03,16.63,2021-12-31
GECC,2023-05-04,15.06,2022-03-31
GECC,2023-08-03,12.84,2022-06-30
GECC,2022-11-03,12.56,2022-09-30
GECC,2023-03-02,11.16,2022-12-31
GECC,2023-05-04,11.88,2023-03-31
GECC,2023-08-03,12.21,2023-06-30
GECC,2023-11-02,12.88,2023-09-30
GECC,2024-02-29,12.99,2023-12-31
GECC,2024-05-02,12.57,2024-03-31
GECC,2024-08-01,12.06,2024-06-30
GECC,2024-10-31,12.04,2024-09-30
GECC,2025-03-10,11.79,2024-12-31
GECC,2025-05-05,11.46,2025-03-31
GECC,2025-08-04,12.1,2025-06-30
GECC,2025-11-04,10.01,2025-09-30
GECC,2026-03-02,8.07,2025-12-31
GECC,2026-05-04,7.74,2026-03-31
GECC,2026-08-05,7.95,2026-06-30
GLAD,2023-11-13,9.81,2013-09-30
GLAD,2023-11-13,9.51,2014-09-30
GLAD,2023-11-13,9.06,2015-09-30
GLAD,2023-11-13,8.62,2016-09-30
GLAD,2023-11-13,8.4,2017-09-30
GLAD,2023-11-13,8.32,2018-09-30
GLAD,2023-11-13,8.22,2019-09-30
GLAD,2023-11-13,7.4,2020-09-30
GLAD,2023-02-06,9.28,2021-09-30
GLAD,2023-02-06,9.44,2021-12-31
GLAD,2023-05-02,9.49,2022-03-31
GLAD,2023-07-26,9.12,2022-06-30
GLAD,2023-02-06,9.08,2022-09-30
GLAD,2023-02-06,9.06,2022-12-31
GLAD,2023-05-02,9.19,2023-03-31
GLAD,2023-07-26,9.27,2023-06-30
GLAD,2023-11-13,9.39,2023-09-30
GLAD,2024-02-05,9.61,2023-12-31
GLAD,2024-05-01,9.9,2024-03-31
GLAD,2024-08-07,20.18,2024-06-30
GLAD,2024-11-13,21.18,2024-09-30
GLAD,2025-02-11,21.51,2024-12-31
GLAD,2025-05-06,21.41,2025-03-31
GLAD,2025-08-04,21.25,2025-06-30
GLAD,2025-11-17,21.34,2025-09-30
GLAD,2026-02-04,21.13,2025-12-31
GLAD,2026-05-06,21.36,2026-03-31
GLAD,2026-08-04,21.5,2026-06-30
GSBD,2024-02-28,20,2013-01-31
GSBD,2024-02-28,19.56,2014-12-31
GSBD,2024-02-28,18.97,2015-12-31
GSBD,2024-02-28,18.31,2016-12-31
GSBD,2023-02-23,18.09,2017-12-31
GSBD,2023-02-23,17.65,2018-12-31
GSBD,2023-02-23,16.75,2019-12-31
GSBD,2022-11-03,15.91,2020-12-31
GSBD,2024-02-28,16,2021-03-31
GSBD,2024-02-28,16.05,2021-06-30
GSBD,2022-11-03,15.92,2021-09-30
GSBD,2022-11-03,15.86,2021-12-31
GSBD,2023-05-04,15.8,2022-03-31
GSBD,2023-08-03,15.53,2022-06-30
GSBD,2022-11-03,15.02,2022-09-30
GSBD,2023-02-23,14.61,2022-12-31
GSBD,2023-05-04,14.44,2023-03-31
GSBD,2023-08-03,14.59,2023-06-30
GSBD,2023-11-07,14.61,2023-09-30
GSBD,2024-02-28,14.62,2023-12-31
GSBD,2024-05-07,14.55,2024-03-31
GSBD,2024-08-08,13.67,2024-06-30
GSBD,2024-11-07,13.54,2024-09-30
GSBD,2025-02-27,13.41,2024-12-31
GSBD,2025-05-08,13.2,2025-03-31
GSBD,2025-08-07,13.02,2025-06-30
GSBD,2025-11-06,12.75,2025-09-30
GSBD,2026-02-26,12.64,2025-12-31
GSBD,2026-05-07,12.17,2026-03-31
GSBD,2026-08-06,12.06,2026-06-30
HRZN,2025-03-04,14.36,2014-12-31
HRZN,2025-03-04,13.85,2015-12-31
HRZN,2025-03-04,12.09,2016-12-31
HRZN,2023-02-28,11.72,2017-12-31
HRZN,2023-02-28,11.64,2018-12-31
HRZN,2023-02-28,11.83,2019-12-31
HRZN,2022-11-01,11.02,2020-12-31
HRZN,2022-11-01,11.63,2021-09-30
HRZN,2022-11-01,11.56,2021-12-31
HRZN,2023-05-02,11.68,2022-03-31
HRZN,2023-08-01,11.69,2022-06-30
HRZN,2022-11-01,11.66,2022-09-30
HRZN,2023-02-28,11.47,2022-12-31
HRZN,2023-05-02,11.34,2023-03-31
HRZN,2023-08-01,11.07,2023-06-30
HRZN,2023-10-31,10.41,2023-09-30
HRZN,2024-02-27,9.71,2023-12-31
HRZN,2024-04-30,9.64,2024-03-31
HRZN,2024-07-30,9.12,2024-06-30
HRZN,2024-10-29,9.06,2024-09-30
HRZN,2025-03-04,8.43,2024-12-31
HRZN,2025-04-29,7.57,2025-03-31
HRZN,2025-08-07,6.75,2025-06-30
HRZN,2025-10-28,7.12,2025-09-30
HRZN,2026-03-03,6.98,2025-12-31
HRZN,2026-05-05,6.98,2026-03-31
HRZN,2026-08-04,6.23,2026-06-30
HTGC,2025-02-13,10.18,2014-12-31
HTGC,2025-02-13,9.94,2015-12-31
HTGC,2025-02-13,9.9,2016-12-31
HTGC,2023-02-16,9.96,2017-12-31
HTGC,2023-02-16,9.9,2018-12-31
HTGC,2023-02-16,10.55,2019-12-31
HTGC,2022-11-02,11.26,2020-12-31
HTGC,2024-02-15,11.36,2021-03-31
HTGC,2024-02-15,11.71,2021-06-30
HTGC,2022-11-02,11.54,2021-09-30
HTGC,2022-11-02,11.22,2021-12-31
HTGC,2023-05-04,10.82,2022-03-31
HTGC,2023-08-03,10.43,2022-06-30
HTGC,2022-11-02,10.47,2022-09-30
HTGC,2023-02-16,10.53,2022-12-31
HTGC,2023-05-04,10.82,2023-03-31
HTGC,2023-08-03,10.96,2023-06-30
HTGC,2023-11-02,10.93,2023-09-30
HTGC,2024-02-15,11.43,2023-12-31
HTGC,2024-05-02,11.63,2024-03-31
HTGC,2024-08-01,11.43,2024-06-30
HTGC,2024-10-30,11.4,2024-09-30
HTGC,2025-02-13,11.66,2024-12-31
HTGC,2025-05-01,11.55,2025-03-31
HTGC,2025-07-31,11.84,2025-06-30
HTGC,2025-10-30,12.05,2025-09-30
HTGC,2026-02-12,12.13,2025-12-31
HTGC,2026-05-05,11.9,2026-03-31
HTGC,2026-07-30,12.15,2026-06-30
ICMB,2023-09-21,12.57,2018-06-30
ICMB,2023-09-21,10.51,2019-06-30
ICMB,2023-09-21,7.79,2020-06-30
ICMB,2023-02-13,6.92,2021-06-30
ICMB,2023-02-13,7.09,2021-12-31
ICMB,2023-05-15,6.93,2022-03-31
ICMB,2023-02-13,6.5,2022-06-30
ICMB,2023-11-13,6.47,2022-09-30
ICMB,2023-02-13,6.36,2022-12-31
ICMB,2023-05-15,6.13,2023-03-31
ICMB,2023-09-21,6.09,2023-06-30
ICMB,2023-11-13,5.83,2023-09-30
ICMB,2024-02-20,5.48,2023-12-31
ICMB,2024-05-14,5.49,2024-03-31
ICMB,2024-09-25,5.21,2024-06-30
ICMB,2024-11-13,5.55,2024-09-30
ICMB,2025-05-14,5.39,2024-12-31
ICMB,2025-05-14,5.42,2025-03-31
ICMB,2025-08-13,5.27,2025-06-30
ICMB,2025-11-12,5.04,2025-09-30
ICMB,2026-03-31,4.25,2025-12-31
ICMB,2026-05-13,3.65,2026-03-31
ICMB,2026-08-14,3.44,2026-06-30
KBDC,2024-02-29,14.86,2020-12-31
KBDC,2022-11-14,16.22,2021-12-31
KBDC,2023-08-14,16.55,2022-06-30
KBDC,2022-11-14,16.73,2022-09-30
KBDC,2023-03-13,16.5,2022-12-31
KBDC,2023-05-15,16.57,2023-03-31
KBDC,2023-08-14,16.58,2023-06-30
KBDC,2023-11-14,16.4,2023-09-30
KBDC,2024-02-29,16.42,2023-12-31
KBDC,2024-05-09,16.63,2024-03-31
KBDC,2024-08-13,16.57,2024-06-30
KBDC,2024-11-13,16.7,2024-09-30
KBDC,2025-03-03,16.7,2024-12-31
KBDC,2025-05-12,16.51,2025-03-31
KBDC,2025-08-11,16.37,2025-06-30
KBDC,2025-11-10,16.34,2025-09-30
KBDC,2026-03-02,16.32,2025-12-31
KBDC,2026-05-11,16.23,2026-03-31
KBDC,2026-08-10,16,2026-06-30
LIEN,2023-05-12,14,2022-02-02
LIEN,2023-05-12,13.61,2022-03-31
LIEN,2023-08-11,13.64,2022-06-30
LIEN,2023-11-09,13.73,2022-09-30
LIEN,2023-05-12,13.91,2022-12-31
LIEN,2023-05-12,14.29,2023-03-31
LIEN,2023-08-11,14.49,2023-06-30
LIEN,2023-11-09,14.06,2023-09-30
LIEN,2024-03-28,13.77,2023-12-31
LIEN,2024-05-09,13.6,2024-03-31
LIEN,2024-08-08,13.56,2024-06-30
LIEN,2024-11-08,13.28,2024-09-30
LIEN,2025-03-31,13.2,2024-12-31
LIEN,2025-05-14,13.19,2025-03-31
LIEN,2025-08-14,13.23,2025-06-30
LIEN,2025-11-13,13.27,2025-09-30
LIEN,2026-03-19,13.3,2025-12-31
LIEN,2026-05-14,13.33,2026-03-31
LIEN,2026-08-13,13.26,2026-06-30
MAIN,2023-02-24,18.59,2012-12-31
MAIN,2023-02-24,19.89,2013-12-31
MAIN,2023-02-24,20.85,2014-12-31
MAIN,2023-02-24,21.24,2015-12-31
MAIN,2023-02-24,22.1,2016-12-31
MAIN,2023-02-24,23.53,2017-12-31
MAIN,2023-02-24,24.09,2018-12-31
MAIN,2023-02-24,23.91,2019-12-31
MAIN,2022-11-04,22.35,2020-12-31
MAIN,2022-11-04,24.27,2021-09-30
MAIN,2022-11-04,25.29,2021-12-31
MAIN,2023-05-05,25.89,2022-03-31
MAIN,2023-08-04,25.37,2022-06-30
MAIN,2022-11-04,25.94,2022-09-30
MAIN,2023-02-24,26.86,2022-12-31
MAIN,2023-05-05,27.23,2023-03-31
MAIN,2023-08-04,27.69,2023-06-30
MAIN,2023-11-03,28.33,2023-09-30
MAIN,2024-02-23,29.2,2023-12-31
MAIN,2024-05-10,29.54,2024-03-31
MAIN,2024-08-09,29.8,2024-06-30
MAIN,2024-11-08,30.57,2024-09-30
MAIN,2025-02-28,31.65,2024-12-31
MAIN,2025-05-09,32.03,2025-03-31
MAIN,2025-08-08,32.3,2025-06-30
MAIN,2025-11-07,32.78,2025-09-30
MAIN,2026-02-27,33.33,2025-12-31
MAIN,2026-05-08,33.46,2026-03-31
MAIN,2026-08-07,33.92,2026-06-30
MFIC,2024-02-26,19.06,2019-03-31
MFIC,2024-02-26,15.7,2020-03-31
MFIC,2022-11-03,15.88,2021-03-31
MFIC,2022-11-03,16.07,2021-09-30
MFIC,2023-05-02,16.08,2021-12-31
MFIC,2022-11-03,15.79,2022-03-31
MFIC,2023-08-02,15.52,2022-06-30
MFIC,2022-11-03,15.45,2022-09-30
MFIC,2023-05-02,15.1,2022-12-31
MFIC,2023-05-02,15.18,2023-03-31
MFIC,2023-08-02,15.2,2023-06-30
MFIC,2023-11-07,15.28,2023-09-30
MFIC,2024-02-26,15.41,2023-12-31
MFIC,2024-05-07,15.42,2024-03-31
MFIC,2024-08-07,15.38,2024-06-30
MFIC,2024-11-07,15.1,2024-09-30
MFIC,2025-02-25,14.98,2024-12-31
MFIC,2025-05-12,14.93,2025-03-31
MFIC,2025-08-11,14.75,2025-06-30
MFIC,2025-11-06,14.66,2025-09-30
MFIC,2026-02-26,14.18,2025-12-31
MFIC,2026-05-06,13.82,2026-03-31
MFIC,2026-08-06,13.37,2026-06-30
MSDL,2024-03-01,20,2019-12-31
MSDL,2024-03-01,20.08,2020-12-31
MSDL,2023-05-10,20.91,2021-12-31
MSDL,2023-05-10,20.82,2022-03-31
MSDL,2023-08-09,20.32,2022-06-30
MSDL,2023-11-02,20,2022-09-30
MSDL,2023-05-10,19.81,2022-12-31
MSDL,2023-05-10,19.93,2023-03-31
MSDL,2023-08-09,20.15,2023-06-30
MSDL,2023-11-02,20.57,2023-09-30
MSDL,2024-03-01,20.67,2023-12-31
MSDL,2024-05-09,20.67,2024-03-31
MSDL,2024-08-08,20.83,2024-06-30
MSDL,2024-11-07,20.83,2024-09-30
MSDL,2025-02-27,20.81,2024-12-31
MSDL,2025-05-08,20.65,2025-03-31
MSDL,2025-08-07,20.59,2025-06-30
MSDL,2025-11-06,20.41,2025-09-30
MSDL,2026-02-26,20.26,2025-12-31
MSDL,2026-05-07,19.81,2026-03-31
MSDL,2026-08-06,19.5,2026-06-30
MSIF,2025-03-20,16.8,2014-12-31
MSIF,2025-03-20,15.76,2015-12-31
MSIF,2025-03-20,16.29,2016-12-31
MSIF,2025-03-20,16.29,2017-12-31
MSIF,2024-03-08,7.96,2018-12-31
MSIF,2024-03-08,7.77,2019-12-31
MSIF,2024-03-08,7.28,2020-12-31
MSIF,2023-05-12,7.68,2021-12-31
MSIF,2023-05-12,7.72,2022-03-31
MSIF,2023-08-11,7.58,2022-06-30
MSIF,2023-11-13,7.62,2022-09-30
MSIF,2023-05-12,7.61,2022-12-31
MSIF,2023-05-12,7.59,2023-03-31
MSIF,2023-08-11,7.67,2023-06-30
MSIF,2023-11-13,7.67,2023-09-30
MSIF,2024-03-08,7.77,2023-12-31
MSIF,2024-05-15,7.72,2024-03-31
MSIF,2024-08-14,7.78,2024-06-30
MSIF,2024-11-14,7.69,2024-09-30
MSIF,2025-03-20,15.53,2024-12-31
MSIF,2025-05-13,15.35,2025-03-31
MSIF,2025-08-14,15.33,2025-06-30
MSIF,2025-11-14,15.54,2025-09-30
MSIF,2026-02-27,15.85,2025-12-31
MSIF,2026-05-08,15.87,2026-03-31
MSIF,2026-08-07,16.51,2026-06-30
NCDL,2024-02-27,19.48,2018-12-31
NCDL,2024-02-27,20,2019-12-31
NCDL,2024-02-27,18.74,2020-12-31
NCDL,2023-05-05,19.39,2021-12-31
NCDL,2023-05-05,19.31,2022-03-31
NCDL,2023-08-04,18.76,2022-06-30
NCDL,2023-10-30,18.54,2022-09-30
NCDL,2023-05-05,18.32,2022-12-31
NCDL,2023-05-05,18.01,2023-03-31
NCDL,2023-08-04,17.93,2023-06-30
NCDL,2023-10-30,17.96,2023-09-30
NCDL,2024-02-27,18.13,2023-12-31
NCDL,2024-05-09,18.21,2024-03-31
NCDL,2024-08-07,18.03,2024-06-30
NCDL,2024-11-07,18.15,2024-09-30
NCDL,2025-02-27,18.18,2024-12-31
NCDL,2025-05-08,17.96,2025-03-31
NCDL,2025-08-06,17.92,2025-06-30
NCDL,2025-11-04,17.85,2025-09-30
NCDL,2026-02-26,17.72,2025-12-31
NCDL,2026-05-07,17.5,2026-03-31
NCDL,2026-08-06,17.19,2026-06-30
NMFC,2023-02-27,13.63,2017-12-31
NMFC,2023-02-27,13.22,2018-12-31
NMFC,2023-02-27,13.26,2019-12-31
NMFC,2022-11-08,12.62,2020-12-31
NMFC,2022-11-08,13.26,2021-09-30
NMFC,2022-11-08,13.49,2021-12-31
NMFC,2023-05-08,13.56,2022-03-31
NMFC,2023-08-02,13.42,2022-06-30
NMFC,2022-11-08,13.2,2022-09-30
NMFC,2023-02-27,13.02,2022-12-31
NMFC,2023-05-08,13.14,2023-03-31
NMFC,2023-08-02,13.14,2023-06-30
NMFC,2023-11-02,13.06,2023-09-30
NMFC,2024-02-26,12.87,2023-12-31
NMFC,2024-05-01,12.77,2024-03-31
NMFC,2024-07-31,12.74,2024-06-30
NMFC,2024-10-30,12.62,2024-09-30
NMFC,2025-02-26,12.55,2024-12-31
NMFC,2025-05-05,12.45,2025-03-31
NMFC,2025-08-04,12.21,2025-06-30
NMFC,2025-11-03,12.06,2025-09-30
NMFC,2026-02-24,11.52,2025-12-31
NMFC,2026-05-04,10.92,2026-03-31
NMFC,2026-08-03,10.89,2026-06-30
NSLR,2023-03-16,9.64,2017-12-31
NSLR,2023-03-16,9.89,2018-12-31
NSLR,2023-03-16,11.38,2019-12-31
NSLR,2022-11-09,15.14,2020-12-31
NSLR,2022-11-09,16.56,2021-06-30
NSLR,2022-11-09,14.79,2021-09-30
NSLR,2022-11-09,11.72,2021-12-31
NSLR,2023-05-10,12.22,2022-03-31
NSLR,2022-11-09,9.24,2022-06-30
NSLR,2022-11-09,7.83,2022-09-30
NSLR,2023-03-16,7.39,2022-12-31
NSLR,2023-05-10,7.59,2023-03-31
NSLR,2023-08-09,7.35,2023-06-30
NSLR,2023-11-09,8.41,2023-09-30
NSLR,2024-03-14,7.99,2023-12-31
NSLR,2024-05-09,7.17,2024-03-31
NSLR,2024-08-08,6.94,2024-06-30
NSLR,2024-11-08,6.73,2024-09-30
NSLR,2025-03-12,6.68,2024-12-31
NSLR,2025-05-07,6.66,2025-03-31
NSLR,2025-08-07,9.18,2025-06-30
NSLR,2025-11-06,9.23,2025-09-30
NSLR,2026-03-11,8.09,2025-12-31
NSLR,2026-05-06,14.24,2026-03-31
NSLR,2026-08-06,13.44,2026-06-30
OBDC,2023-02-22,0,2015-12-31
OBDC,2023-02-22,14.85,2016-12-31
OBDC,2023-02-22,15.03,2017-12-31
OBDC,2023-02-22,15.1,2018-12-31
OBDC,2023-02-22,15.24,2019-12-31
OBDC,2022-11-02,14.74,2020-12-31
OBDC,2022-11-02,14.95,2021-09-30
OBDC,2022-11-02,15.08,2021-12-31
OBDC,2023-05-10,14.88,2022-03-31
OBDC,2023-08-09,14.48,2022-06-30
OBDC,2022-11-02,14.85,2022-09-30
OBDC,2023-02-22,14.99,2022-12-31
OBDC,2023-05-10,15.15,2023-03-31
OBDC,2023-08-09,15.26,2023-06-30
OBDC,2023-11-09,15.4,2023-09-30
OBDC,2024-02-21,15.45,2023-12-31
OBDC,2024-05-08,15.47,2024-03-31
OBDC,2024-08-07,15.36,2024-06-30
OBDC,2024-11-06,15.28,2024-09-30
OBDC,2025-02-19,15.26,2024-12-31
OBDC,2025-05-07,15.14,2025-03-31
OBDC,2025-08-06,15.03,2025-06-30
OBDC,2025-11-05,14.89,2025-09-30
OBDC,2026-02-18,14.81,2025-12-31
OBDC,2026-05-06,14.41,2026-03-31
OBDC,2026-08-05,14.26,2026-06-30
OCSL,2023-11-14,18.26,2018-09-30
OCSL,2023-11-14,19.81,2019-09-30
OCSL,2023-11-14,19.47,2020-09-30
OCSL,2023-02-07,21.84,2021-09-30
OCSL,2023-02-07,22.03,2021-12-31
OCSL,2023-05-04,21.79,2022-03-31
OCSL,2023-08-03,20.67,2022-06-30
OCSL,2023-02-07,20.38,2022-09-30
OCSL,2023-02-07,19.63,2022-12-31
OCSL,2023-05-04,19.66,2023-03-31
OCSL,2023-08-03,19.58,2023-06-30
OCSL,2023-11-14,19.63,2023-09-30
OCSL,2024-02-01,19.14,2023-12-31
OCSL,2024-04-30,18.72,2024-03-31
OCSL,2024-08-01,18.19,2024-06-30
OCSL,2024-11-19,18.09,2024-09-30
OCSL,2025-02-04,17.63,2024-12-31
OCSL,2025-05-01,16.75,2025-03-31
OCSL,2025-08-05,16.76,2025-06-30
OCSL,2025-11-18,16.64,2025-09-30
OCSL,2026-02-04,16.3,2025-12-31
OCSL,2026-05-05,15.69,2026-03-31
OCSL,2026-08-05,15.7,2026-06-30
OFS,2023-03-03,14.12,2017-12-31
OFS,2023-03-03,13.1,2018-12-31
OFS,2023-03-03,12.46,2019-12-31
OFS,2022-11-04,11.85,2020-12-31
OFS,2022-11-04,13.42,2021-06-30
OFS,2022-11-04,14.16,2021-09-30
OFS,2022-11-04,15.18,2021-12-31
OFS,2023-05-05,15.52,2022-03-31
OFS,2022-11-04,14.57,2022-06-30
OFS,2022-11-04,13.58,2022-09-30
OFS,2023-03-03,13.47,2022-12-31
OFS,2023-05-05,13.42,2023-03-31
OFS,2023-08-04,12.94,2023-06-30
OFS,2023-11-03,12.74,2023-09-30
OFS,2024-03-05,12.09,2023-12-31
OFS,2024-05-03,11.08,2024-03-31
OFS,2024-08-02,11.51,2024-06-30
OFS,2024-11-01,11.29,2024-09-30
OFS,2025-03-04,12.85,2024-12-31
OFS,2025-05-02,11.97,2025-03-31
OFS,2025-08-01,10.91,2025-06-30
OFS,2025-10-31,10.17,2025-09-30
OFS,2026-03-03,9.19,2025-12-31
OFS,2026-05-01,8.16,2026-03-31
OFS,2026-07-31,8.41,2026-06-30
OXSQ,2023-03-23,9.9,2012-12-31
OXSQ,2023-03-23,9.85,2013-12-31
OXSQ,2023-03-23,8.64,2014-12-31
OXSQ,2023-03-23,6.4,2015-12-31
OXSQ,2023-03-23,7.5,2016-12-31
OXSQ,2023-03-23,7.55,2017-12-31
OXSQ,2023-03-23,6.6,2018-12-31
OXSQ,2023-03-23,5.12,2019-12-31
OXSQ,2022-11-08,4.55,2020-12-31
OXSQ,2022-11-08,4.91,2021-06-30
OXSQ,2022-11-08,5.03,2021-09-30
OXSQ,2022-11-08,4.92,2021-12-31
OXSQ,2023-05-02,4.65,2022-03-31
OXSQ,2022-11-08,3.67,2022-06-30
OXSQ,2022-11-08,3.34,2022-09-30
OXSQ,2023-03-23,2.78,2022-12-31
OXSQ,2023-05-02,2.8,2023-03-31
OXSQ,2023-08-10,2.88,2023-06-30
OXSQ,2023-11-08,2.78,2023-09-30
OXSQ,2024-03-19,2.55,2023-12-31
OXSQ,2024-05-03,2.42,2024-03-31
OXSQ,2024-08-14,2.43,2024-06-30
OXSQ,2024-11-07,2.35,2024-09-30
OXSQ,2025-03-05,2.3,2024-12-31
OXSQ,2025-05-01,2.09,2025-03-31
OXSQ,2025-08-12,2.06,2025-06-30
OXSQ,2025-11-07,1.95,2025-09-30
OXSQ,2026-03-06,1.69,2025-12-31
OXSQ,2026-05-01,1.32,2026-03-31
OXSQ,2026-08-10,1.29,2026-06-30
PFLT,2022-11-17,14.1,2017-09-30
PFLT,2022-11-17,13.82,2018-09-30
PFLT,2022-11-17,12.97,2019-09-30
PFLT,2022-11-17,12.31,2020-09-30
PFLT,2022-11-17,12.62,2021-09-30
PFLT,2023-02-08,12.7,2021-12-31
PFLT,2023-05-11,12.62,2022-03-31
PFLT,2023-08-09,12.21,2022-06-30
PFLT,2022-11-17,11.62,2022-09-30
PFLT,2023-02-08,11.3,2022-12-31
PFLT,2023-05-11,11.15,2023-03-31
PFLT,2023-08-09,10.96,2023-06-30
PFLT,2023-12-08,11.13,2023-09-30
PFLT,2024-02-07,11.2,2023-12-31
PFLT,2024-05-08,11.4,2024-03-31
PFLT,2024-08-07,11.34,2024-06-30
PFLT,2024-11-26,11.31,2024-09-30
PFLT,2025-02-10,11.34,2024-12-31
PFLT,2025-05-12,11.07,2025-03-31
PFLT,2025-08-11,10.96,2025-06-30
PFLT,2025-11-24,10.83,2025-09-30
PFLT,2026-02-09,10.49,2025-12-31
PFLT,2026-05-07,10.47,2026-03-31
PFLT,2026-08-10,10.26,2026-06-30
PFX,2023-12-22,117.92,2018-09-30
PFX,2023-12-22,79.46,2019-09-30
PFX,2023-12-22,55.3,2020-09-30
PFX,2023-02-09,57.08,2021-09-30
PFX,2023-02-09,58.99,2021-12-31
PFX,2023-05-11,62.94,2022-03-31
PFX,2023-08-11,58.74,2022-06-30
PFX,2023-02-09,57.49,2022-09-30
PFX,2023-02-09,59.38,2022-12-31
PFX,2023-05-11,62.7,2023-03-31
PFX,2023-08-11,67.01,2023-06-30
PFX,2023-12-22,70.75,2023-09-30
PFX,2024-02-08,73.14,2023-12-31
PFX,2024-05-10,76.35,2024-03-31
PFX,2024-08-06,76.35,2024-06-30
PFX,2024-12-17,79.37,2024-09-30
PFX,2025-02-07,80.59,2024-12-31
PFX,2025-05-07,78.72,2025-03-31
PFX,2025-08-06,78.2,2025-06-30
PFX,2025-12-12,80.24,2025-09-30
PFX,2026-02-09,77.92,2025-12-31
PFX,2026-05-05,79.56,2026-03-31
PFX,2026-08-05,81.69,2026-06-30
PNNT,2022-11-17,9.1,2017-09-30
PNNT,2022-11-17,9.11,2018-09-30
PNNT,2022-11-17,8.68,2019-09-30
PNNT,2022-11-17,7.84,2020-09-30
PNNT,2022-11-17,9.85,2021-09-30
PNNT,2023-02-08,10.11,2021-12-31
PNNT,2023-05-11,10.05,2022-03-31
PNNT,2023-08-09,9.65,2022-06-30
PNNT,2022-11-17,8.98,2022-09-30
PNNT,2023-02-08,7.71,2022-12-31
PNNT,2023-05-11,7.6,2023-03-31
PNNT,2023-08-09,7.72,2023-06-30
PNNT,2023-12-08,7.7,2023-09-30
PNNT,2024-02-07,7.65,2023-12-31
PNNT,2024-05-08,7.69,2024-03-31
PNNT,2024-08-07,7.52,2024-06-30
PNNT,2024-11-26,7.56,2024-09-30
PNNT,2025-02-10,7.57,2024-12-31
PNNT,2025-05-12,7.48,2025-03-31
PNNT,2025-08-11,7.36,2025-06-30
PNNT,2025-11-24,7.11,2025-09-30
PNNT,2026-02-09,7,2025-12-31
PNNT,2026-05-07,6.73,2026-03-31
PNNT,2026-08-10,6.56,2026-06-30
PSBD,2023-03-10,20,2020-01-22
PSBD,2022-11-10,20.15,2020-12-31
PSBD,2022-11-10,20.7,2021-09-30
PSBD,2022-11-10,20.06,2021-12-31
PSBD,2022-11-10,16,2022-09-30
PSBD,2023-03-10,14.96,2022-12-31
PSBD,2023-05-11,16.12,2023-03-31
PSBD,2023-08-10,16.55,2023-06-30
PSBD,2023-11-09,16.76,2023-09-30
PSBD,2024-02-28,17.04,2023-12-31
PSBD,2024-05-07,17.16,2024-03-31
PSBD,2024-08-08,16.85,2024-06-30
PSBD,2024-11-05,16.61,2024-09-30
PSBD,2025-02-27,16.5,2024-12-31
PSBD,2025-05-07,15.85,2025-03-31
PSBD,2025-08-06,15.68,2025-06-30
PSBD,2025-11-05,15.39,2025-09-30
PSBD,2026-02-26,14.85,2025-12-31
PSBD,2026-05-06,13.3,2026-03-31
PSBD,2026-08-05,13.21,2026-06-30
PSEC,2022-11-09,9.32,2017-06-30
PSEC,2022-11-09,9.35,2018-06-30
PSEC,2022-11-09,9.01,2019-06-30
PSEC,2022-11-09,8.18,2020-06-30
PSEC,2022-11-09,9.81,2021-06-30
PSEC,2022-11-09,10.12,2021-09-30
PSEC,2023-02-08,10.6,2021-12-31
PSEC,2023-05-09,10.81,2022-03-31
PSEC,2022-11-09,10.48,2022-06-30
PSEC,2022-11-09,10.01,2022-09-30
PSEC,2023-02-08,9.94,2022-12-31
PSEC,2023-05-09,9.48,2023-03-31
PSEC,2023-09-08,9.24,2023-06-30
PSEC,2024-02-08,9.25,2023-09-30
PSEC,2024-02-08,8.92,2023-12-31
PSEC,2024-05-08,8.99,2024-03-31
PSEC,2024-08-28,8.74,2024-06-30
PSEC,2024-11-08,8.1,2024-09-30
PSEC,2025-02-10,7.84,2024-12-31
PSEC,2025-05-08,7.25,2025-03-31
PSEC,2025-08-26,6.56,2025-06-30
PSEC,2025-11-06,6.45,2025-09-30
PSEC,2026-02-09,6.21,2025-12-31
PSEC,2026-05-07,6.05,2026-03-31
PSEC,2026-08-20,5.71,2026-06-30
RAND,2024-03-05,44.88,2018-12-31
RAND,2024-03-05,32.93,2019-12-31
RAND,2024-03-05,17.86,2020-12-31
RAND,2023-05-09,23.54,2021-12-31
RAND,2023-05-09,23.23,2022-03-31
RAND,2023-08-04,22.34,2022-06-30
RAND,2023-11-06,22.62,2022-09-30
RAND,2023-05-09,22.36,2022-12-31
RAND,2023-05-09,23,2023-03-31
RAND,2023-08-04,23.79,2023-06-30
RAND,2023-11-06,23.77,2023-09-30
RAND,2024-03-05,23.56,2023-12-31
RAND,2024-05-13,23.85,2024-03-31
RAND,2024-08-06,26.56,2024-06-30
RAND,2024-11-06,27.29,2024-09-30
RAND,2025-03-10,25.31,2024-12-31
RAND,2025-05-05,21.99,2025-03-31
RAND,2025-08-04,19.1,2025-06-30
RAND,2025-11-07,18.06,2025-09-30
RAND,2026-03-05,17.57,2025-12-31
RAND,2026-05-06,17.16,2026-03-31
RAND,2026-08-05,17.33,2026-06-30
RWAY,2023-03-02,15,2015-12-31
RWAY,2023-03-02,10.38,2016-12-31
RWAY,2023-03-02,14.66,2017-12-31
RWAY,2023-03-02,15.14,2018-12-31
RWAY,2023-03-02,14.58,2019-12-31
RWAY,2022-11-03,14.84,2020-12-31
RWAY,2022-11-03,14.61,2021-06-30
RWAY,2022-11-03,14.6,2021-09-30
RWAY,2022-11-03,14.65,2021-12-31
RWAY,2023-05-09,14.45,2022-03-31
RWAY,2022-11-03,14.14,2022-06-30
RWAY,2022-11-03,14.12,2022-09-30
RWAY,2023-03-02,14.22,2022-12-31
RWAY,2023-05-09,14.07,2023-03-31
RWAY,2023-08-08,14.17,2023-06-30
RWAY,2023-11-07,14.08,2023-09-30
RWAY,2024-03-07,13.5,2023-12-31
RWAY,2024-03-07,13.5,2024-03-06
RWAY,2024-05-07,13.36,2024-03-31
RWAY,2024-08-08,13.14,2024-06-30
RWAY,2024-11-12,13.39,2024-09-30
RWAY,2025-03-20,13.79,2024-12-31
RWAY,2025-03-20,13.79,2025-03-17
RWAY,2025-05-12,13.48,2025-03-31
RWAY,2025-08-07,13.66,2025-06-30
RWAY,2025-11-06,13.55,2025-09-30
RWAY,2026-03-12,13.42,2025-12-31
RWAY,2026-03-12,13.42,2026-03-09
RWAY,2026-05-07,12.13,2026-03-31
RWAY,2026-08-06,11.91,2026-06-30
SAR,2023-05-02,22.96,2018-02-28
SAR,2023-05-02,23.62,2019-02-28
SAR,2023-05-02,27.13,2020-02-29
SAR,2022-10-04,27.25,2021-02-28
SAR,2022-10-04,28.97,2021-08-31
SAR,2023-01-10,29.17,2021-11-30
SAR,2022-10-04,29.33,2022-02-28
SAR,2023-07-10,28.69,2022-05-31
SAR,2022-10-04,28.27,2022-08-31
SAR,2023-01-10,28.25,2022-11-30
SAR,2023-05-02,29.18,2023-02-28
SAR,2023-07-10,28.48,2023-05-31
SAR,2023-10-10,28.44,2023-08-31
SAR,2024-01-09,27.42,2023-11-30
SAR,2024-05-06,27.12,2024-02-29
SAR,2024-07-09,26.85,2024-05-31
SAR,2024-10-08,27.07,2024-08-31
SAR,2025-01-08,26.95,2024-11-30
SAR,2025-05-07,25.86,2025-02-28
SAR,2025-07-08,25.52,2025-05-31
SAR,2025-10-07,25.61,2025-08-31
SAR,2026-01-07,25.59,2025-11-30
SAR,2026-05-05,24.42,2026-02-28
SAR,2026-07-07,23.23,2026-05-31
SCM,2023-02-28,14.45,2012-12-31
SCM,2023-02-28,14.54,2013-12-31
SCM,2023-02-28,13.94,2014-12-31
SCM,2023-02-28,13.19,2015-12-31
SCM,2023-02-28,13.69,2016-12-31
SCM,2023-02-28,13.81,2017-12-31
SCM,2023-02-28,14.09,2018-12-31
SCM,2023-02-28,14.14,2019-12-31
SCM,2022-11-03,14.03,2020-12-31
SCM,2022-11-03,14.15,2021-09-30
SCM,2022-11-03,14.61,2021-12-31
SCM,2023-05-09,14.59,2022-03-31
SCM,2023-08-09,14.32,2022-06-30
SCM,2022-11-03,14.18,2022-09-30
SCM,2023-02-28,14.02,2022-12-31
SCM,2023-05-09,13.87,2023-03-31
SCM,2023-08-09,13.67,2023-06-30
SCM,2023-11-07,13.19,2023-09-30
SCM,2024-03-04,13.26,2023-12-31
SCM,2024-05-09,13.41,2024-03-31
SCM,2024-08-07,13.36,2024-06-30
SCM,2024-11-07,13.55,2024-09-30
SCM,2025-03-04,13.46,2024-12-31
SCM,2025-05-12,13.25,2025-03-31
SCM,2025-08-06,13.21,2025-06-30
SCM,2025-11-10,13.05,2025-09-30
SCM,2026-03-11,12.82,2025-12-31
SCM,2026-05-11,12.54,2026-03-31
SCM,2026-08-10,12.8,2026-06-30
SLRC,2023-02-28,21.81,2017-12-31
SLRC,2023-02-28,21.75,2018-12-31
SLRC,2023-02-28,21.44,2019-12-31
SLRC,2022-08-02,20.16,2020-12-31
SLRC,2022-08-02,20.29,2021-06-30
SLRC,2022-11-02,20.2,2021-09-30
SLRC,2022-08-02,19.93,2021-12-31
SLRC,2023-05-10,19.56,2022-03-31
SLRC,2022-08-02,18.53,2022-06-30
SLRC,2022-11-02,18.37,2022-09-30
SLRC,2023-02-28,18.33,2022-12-31
SLRC,2023-05-10,18.04,2023-03-31
SLRC,2023-08-08,17.98,2023-06-30
SLRC,2023-11-07,18.06,2023-09-30
SLRC,2024-02-27,18.09,2023-12-31
SLRC,2024-05-08,18.19,2024-03-31
SLRC,2024-08-07,18.2,2024-06-30
SLRC,2024-11-06,18.2,2024-09-30
SLRC,2025-02-25,18.2,2024-12-31
SLRC,2025-05-07,18.16,2025-03-31
SLRC,2025-08-05,18.19,2025-06-30
SLRC,2025-11-04,18.21,2025-09-30
SLRC,2026-02-24,18.26,2025-12-31
SLRC,2026-05-05,18.16,2026-03-31
SLRC,2026-08-04,18,2026-06-30
TCPC,2023-02-28,14.8,2017-12-31
TCPC,2023-02-28,14.13,2018-12-31
TCPC,2023-02-28,13.21,2019-12-31
TCPC,2022-11-03,13.24,2020-12-31
TCPC,2023-08-03,13.56,2021-03-31
TCPC,2023-08-03,14.21,2021-06-30
TCPC,2022-11-03,14.09,2021-09-30
TCPC,2022-11-03,14.36,2021-12-31
TCPC,2023-05-04,14.27,2022-03-31
TCPC,2023-08-03,13.97,2022-06-30
TCPC,2022-11-03,14.12,2022-09-30
TCPC,2023-02-28,12.93,2022-12-31
TCPC,2023-05-04,13,2023-03-31
TCPC,2023-08-03,12.94,2023-06-30
TCPC,2023-11-02,12.72,2023-09-30
TCPC,2024-02-29,11.9,2023-12-31
TCPC,2024-05-01,11.14,2024-03-31
TCPC,2024-08-07,10.2,2024-06-30
TCPC,2024-11-06,10.11,2024-09-30
TCPC,2025-02-27,9.23,2024-12-31
TCPC,2025-05-08,9.18,2025-03-31
TCPC,2025-08-07,8.71,2025-06-30
TCPC,2025-11-06,8.71,2025-09-30
TCPC,2026-02-27,7.07,2025-12-31
TCPC,2026-05-07,6.72,2026-03-31
TCPC,2026-08-06,6.58,2026-06-30
TPVG,2023-03-01,13.25,2017-12-31
TPVG,2023-03-01,13.5,2018-12-31
TPVG,2023-03-01,13.34,2019-12-31
TPVG,2022-11-02,12.97,2020-12-31
TPVG,2023-03-01,13,2021-03-31
TPVG,2023-03-01,13.03,2021-06-30
TPVG,2022-11-02,13.92,2021-09-30
TPVG,2022-11-02,14.01,2021-12-31
TPVG,2023-03-01,13.84,2022-03-31
TPVG,2023-03-01,13.01,2022-06-30
TPVG,2022-11-02,12.69,2022-09-30
TPVG,2023-03-01,11.88,2022-12-31
TPVG,2023-05-03,11.69,2023-03-31
TPVG,2023-08-02,10.7,2023-06-30
TPVG,2023-11-01,10.37,2023-09-30
TPVG,2024-03-06,9.21,2023-12-31
TPVG,2024-05-01,9.02,2024-03-31
TPVG,2024-08-07,8.83,2024-06-30
TPVG,2024-11-06,9.1,2024-09-30
TPVG,2025-03-05,8.61,2024-12-31
TPVG,2025-05-07,8.62,2025-03-31
TPVG,2025-08-06,8.65,2025-06-30
TPVG,2025-11-05,8.79,2025-09-30
TPVG,2026-03-04,8.73,2025-12-31
TPVG,2026-05-06,8.65,2026-03-31
TPVG,2026-08-05,8.67,2026-06-30
TRIN,2023-03-02,14.97,2019-12-31
TRIN,2022-11-03,13.03,2020-12-31
TRIN,2023-08-02,13.69,2021-03-31
TRIN,2023-08-02,14.33,2021-06-30
TRIN,2022-11-03,14.7,2021-09-30
TRIN,2022-11-03,16.4,2021-12-31
TRIN,2023-05-04,15.15,2022-03-31
TRIN,2023-08-02,14.62,2022-06-30
TRIN,2022-11-03,13.74,2022-09-30
TRIN,2023-03-02,13.15,2022-12-31
TRIN,2023-05-04,13.07,2023-03-31
TRIN,2023-08-02,13.15,2023-06-30
TRIN,2023-11-01,13.17,2023-09-30
TRIN,2024-03-06,13.19,2023-12-31
TRIN,2024-05-01,12.88,2024-03-31
TRIN,2024-08-07,13.12,2024-06-30
TRIN,2024-10-30,13.13,2024-09-30
TRIN,2025-02-26,13.35,2024-12-31
TRIN,2025-05-07,13.05,2025-03-31
TRIN,2025-08-06,13.27,2025-06-30
TRIN,2025-11-05,13.31,2025-09-30
TRIN,2026-02-25,13.42,2025-12-31
TRIN,2026-05-06,13.27,2026-03-31
TRIN,2026-08-05,13.47,2026-06-30
TSLX,2024-02-15,15.52,2013-12-31
TSLX,2024-02-15,15.53,2014-12-31
TSLX,2024-02-15,15.15,2015-12-31
TSLX,2024-02-15,15.95,2016-12-31
TSLX,2023-02-16,16.09,2017-12-31
TSLX,2023-02-16,16.25,2018-12-31
TSLX,2023-02-16,16.83,2019-12-31
TSLX,2023-02-16,15.57,2020-03-31
TSLX,2023-02-16,16.08,2020-06-30
TSLX,2023-02-16,16.87,2020-09-30
TSLX,2022-11-01,17.16,2020-12-31
TSLX,2023-02-16,16.47,2021-03-31
TSLX,2023-02-16,16.85,2021-06-30
TSLX,2022-11-01,17.18,2021-09-30
TSLX,2022-11-01,16.84,2021-12-31
TSLX,2023-02-16,16.88,2022-03-31
TSLX,2023-02-16,16.27,2022-06-30
TSLX,2022-11-01,16.36,2022-09-30
TSLX,2023-02-16,16.48,2022-12-31
TSLX,2023-05-08,16.59,2023-03-31
TSLX,2023-08-03,16.74,2023-06-30
TSLX,2023-11-02,16.97,2023-09-30
TSLX,2024-02-15,17.04,2023-12-31
TSLX,2024-05-01,17.17,2024-03-31
TSLX,2024-07-31,17.19,2024-06-30
TSLX,2024-11-05,17.12,2024-09-30
TSLX,2025-02-13,17.16,2024-12-31
TSLX,2025-04-30,17.04,2025-03-31
TSLX,2025-07-30,17.17,2025-06-30
TSLX,2025-11-04,17.14,2025-09-30
TSLX,2026-02-12,16.98,2025-12-31
TSLX,2026-05-05,16.24,2026-03-31
TSLX,2026-08-04,16.24,2026-06-30
WHF,2023-03-03,13.98,2017-12-31
WHF,2023-03-03,15.35,2018-12-31
WHF,2023-03-03,15.23,2019-12-31
WHF,2022-11-14,15.23,2020-12-31
WHF,2022-11-14,15.46,2021-09-30
WHF,2022-11-14,15.1,2021-12-31
WHF,2023-05-09,14.99,2022-03-31
WHF,2023-08-08,14.95,2022-06-30
WHF,2022-11-14,14.76,2022-09-30
WHF,2023-03-03,14.3,2022-12-31
WHF,2023-05-09,14.2,2023-03-31
WHF,2023-08-08,14,2023-06-30
WHF,2023-11-09,13.87,2023-09-30
WHF,2024-03-05,13.63,2023-12-31
WHF,2024-05-08,13.5,2024-03-31
WHF,2024-08-08,13.45,2024-06-30
WHF,2024-11-07,12.77,2024-09-30
WHF,2025-03-07,12.31,2024-12-31
WHF,2025-05-12,12.11,2025-03-31
WHF,2025-08-07,11.82,2025-06-30
WHF,2025-11-10,11.41,2025-09-30
WHF,2026-03-06,11.68,2025-12-31
WHF,2026-05-07,11.47,2026-03-31
WHF,2026-08-10,11.77,2026-06-30
