ticker,period_end,nav_period
ARCC,2012-12-31,16.04
ARCC,2013-12-31,16.46
ARCC,2014-12-31,16.82
ARCC,2015-12-31,16.46
ARCC,2016-12-31,16.45
ARCC,2017-12-31,16.65
ARCC,2018-12-31,17.12
ARCC,2019-12-31,17.32
ARCC,2020-12-31,16.97
ARCC,2021-09-30,18.52
ARCC,2021-12-31,18.96
ARCC,2022-03-31,19.03
ARCC,2022-06-30,18.81
ARCC,2022-09-30,18.56
ARCC,2022-12-31,18.4
ARCC,2023-03-31,18.45
ARCC,2023-06-30,18.58
ARCC,2023-09-30,18.99
ARCC,2023-12-31,19.24
ARCC,2024-03-31,19.53
ARCC,2024-06-30,19.61
ARCC,2024-09-30,19.77
ARCC,2024-12-31,19.89
ARCC,2025-03-31,19.82
ARCC,2025-06-30,19.9
ARCC,2025-09-30,20.01
ARCC,2025-12-31,19.94
ARCC,2026-03-31,19.59
ARCC,2026-06-30,19.35
BBDC,2013-12-31,16.1
BBDC,2014-12-31,16.11
BBDC,2015-12-31,15.23
BBDC,2016-12-31,15.13
BBDC,2017-12-31,13.43
BBDC,2018-12-31,10.98
BBDC,2019-12-31,11.66
BBDC,2020-12-31,10.99
BBDC,2021-09-30,11.4
BBDC,2021-12-31,11.36
BBDC,2022-03-31,11.86
BBDC,2022-06-30,11.41
BBDC,2022-09-30,11.28
BBDC,2022-12-31,11.05
BBDC,2023-03-31,11.17
BBDC,2023-06-30,11.34
BBDC,2023-09-30,11.25
BBDC,2023-12-31,11.28
BBDC,2024-03-31,11.44
BBDC,2024-06-30,11.36
BBDC,2024-09-30,11.32
BBDC,2024-12-31,11.29
BBDC,2025-03-31,11.29
BBDC,2025-06-30,11.18
BBDC,2025-09-30,11.1
BBDC,2025-12-31,11.09
BBDC,2026-03-31,11.02
BBDC,2026-06-30,10.94
BCSF,2016-12-31,20.1
BCSF,2017-12-31,20.3
BCSF,2018-12-31,19.46
BCSF,2019-12-31,19.72
BCSF,2020-03-31,17.29
BCSF,2020-06-30,15.81
BCSF,2020-09-30,16.27
BCSF,2020-12-31,16.54
BCSF,2021-03-31,16.69
BCSF,2021-06-30,17.01
BCSF,2021-09-30,17.03
BCSF,2021-12-31,17.04
BCSF,2022-03-31,17.22
BCSF,2022-06-30,17.15
BCSF,2022-09-30,16.98
BCSF,2022-12-31,17.29
BCSF,2023-03-31,17.37
BCSF,2023-06-30,17.44
BCSF,2023-09-30,17.54
BCSF,2023-12-31,17.6
BCSF,2024-03-31,17.7
BCSF,2024-06-30,17.7
BCSF,2024-09-30,17.76
BCSF,2024-12-31,17.65
BCSF,2025-03-31,17.64
BCSF,2025-06-30,17.56
BCSF,2025-09-30,17.4
BCSF,2025-12-31,17.23
BCSF,2026-03-31,16.86
BCSF,2026-06-30,16.65
BXSL,2017-12-31,25
BXSL,2018-11-20,25
BXSL,2018-12-31,24.57
BXSL,2019-12-31,26.02
BXSL,2020-12-31,25.2
BXSL,2021-09-30,26.15
BXSL,2021-12-31,26.27
BXSL,2022-03-31,26.13
BXSL,2022-06-30,25.89
BXSL,2022-09-30,25.76
BXSL,2022-12-31,25.93
BXSL,2023-03-31,26.1
BXSL,2023-06-30,26.3
BXSL,2023-09-30,26.54
BXSL,2023-12-31,26.66
BXSL,2024-03-31,26.87
BXSL,2024-06-30,27.19
BXSL,2024-09-30,27.27
BXSL,2024-12-31,27.39
BXSL,2025-03-31,27.39
BXSL,2025-06-30,27.33
BXSL,2025-09-30,27.15
BXSL,2025-12-31,26.92
BXSL,2026-03-31,26.26
BXSL,2026-06-30,25.53
CCAP,2017-12-31,20.1
CCAP,2018-12-31,19.43
CCAP,2019-12-31,19.5
CCAP,2020-12-31,19.88
CCAP,2021-03-31,20.24
CCAP,2021-06-30,20.98
CCAP,2021-09-30,21.16
CCAP,2021-12-31,21.12
CCAP,2022-03-31,21.18
CCAP,2022-06-30,20.69
CCAP,2022-09-30,20.16
CCAP,2022-12-31,19.83
CCAP,2023-03-31,19.38
CCAP,2023-06-30,19.58
CCAP,2023-09-30,19.7
CCAP,2023-12-31,20.04
CCAP,2024-03-31,20.28
CCAP,2024-06-30,20.3
CCAP,2024-09-30,20.2
CCAP,2024-12-31,19.98
CCAP,2025-03-31,19.62
CCAP,2025-06-30,19.55
CCAP,2025-09-30,19.28
CCAP,2025-12-31,19.1
CCAP,2026-03-31,18.27
CCAP,2026-06-30,17.82
CGBD,2013-12-31,19.42
CGBD,2014-12-31,18.86
CGBD,2015-12-31,18.14
CGBD,2016-12-31,18.32
CGBD,2017-12-31,18.12
CGBD,2018-12-31,17.09
CGBD,2019-12-31,16.56
CGBD,2020-12-31,15.39
CGBD,2021-09-30,16.65
CGBD,2021-12-31,16.91
CGBD,2022-03-31,17.11
CGBD,2022-06-30,16.81
CGBD,2022-09-30,17.16
CGBD,2022-12-31,16.99
CGBD,2023-03-31,17.09
CGBD,2023-06-30,16.73
CGBD,2023-09-30,16.86
CGBD,2023-12-31,16.99
CGBD,2024-03-31,17.07
CGBD,2024-06-30,16.95
CGBD,2024-09-30,16.85
CGBD,2024-12-31,16.8
CGBD,2025-03-25,16.64
CGBD,2025-03-31,16.63
CGBD,2025-06-30,16.43
CGBD,2025-09-30,16.36
CGBD,2025-12-31,16.26
CGBD,2026-03-31,15.89
CGBD,2026-06-30,15.61
CION,2017-12-31,18.28
CION,2018-12-31,17.38
CION,2019-12-31,16.8
CION,2020-12-31,15.5
CION,2021-09-30,16.52
CION,2021-12-31,16.34
CION,2022-03-31,16.2
CION,2022-06-30,15.89
CION,2022-09-30,16.26
CION,2022-12-31,15.98
CION,2023-03-31,15.11
CION,2023-06-30,15.31
CION,2023-09-30,15.8
CION,2023-12-31,16.23
CION,2024-03-31,16.05
CION,2024-06-30,16.08
CION,2024-09-30,15.73
CION,2024-12-31,15.43
CION,2025-03-31,14.28
CION,2025-06-30,14.5
CION,2025-09-30,14.86
CION,2025-12-31,13.76
CION,2026-03-31,13.11
CION,2026-06-30,13.57
CSWC,2016-03-31,17.34
CSWC,2017-03-31,17.8
CSWC,2018-03-31,19.08
CSWC,2019-03-31,18.62
CSWC,2020-03-31,15.13
CSWC,2021-03-31,16.01
CSWC,2021-06-30,16.58
CSWC,2021-09-30,16.36
CSWC,2021-12-31,16.19
CSWC,2022-03-31,16.86
CSWC,2022-06-30,16.54
CSWC,2022-09-30,16.53
CSWC,2022-12-31,16.25
CSWC,2023-03-31,16.37
CSWC,2023-06-30,16.38
CSWC,2023-09-30,16.46
CSWC,2023-12-31,16.77
CSWC,2024-03-31,16.77
CSWC,2024-06-30,16.6
CSWC,2024-09-30,16.59
CSWC,2024-12-31,16.59
CSWC,2025-03-31,16.7
CSWC,2025-06-30,16.59
CSWC,2025-09-30,16.62
CSWC,2025-12-31,16.75
CSWC,2026-03-31,16.69
CSWC,2026-06-30,16.61
EQS,2017-12-31,3.18
EQS,2018-12-31,3.22
EQS,2019-12-31,3.4
EQS,2020-12-31,2.5
EQS,2021-03-31,2.52
EQS,2021-06-30,2.57
EQS,2021-09-30,2.68
EQS,2021-12-31,2.69
EQS,2022-03-31,2.77
EQS,2022-06-30,2.75
EQS,2022-09-30,2.68
EQS,2022-12-31,2.61
EQS,2023-03-31,2.52
EQS,2023-06-30,2.96
EQS,2023-09-30,3.49
EQS,2023-12-31,3.55
EQS,2024-03-31,3.38
EQS,2024-06-30,3.66
EQS,2024-09-30,2.96
EQS,2024-12-31,2.17
EQS,2025-03-31,2.52
EQS,2025-06-30,2.51
EQS,2025-09-30,1.9
EQS,2025-12-31,1.19
FDUS,2012-12-31,15.32
FDUS,2013-12-31,15.35
FDUS,2014-12-31,15.16
FDUS,2015-12-31,15.17
FDUS,2016-12-31,15.76
FDUS,2017-12-31,16.05
FDUS,2018-12-31,16.47
FDUS,2019-12-31,16.85
FDUS,2020-03-31,15.37
FDUS,2020-06-30,15.39
FDUS,2020-09-30,15.94
FDUS,2020-12-31,16.81
FDUS,2021-03-31,16.9
FDUS,2021-06-30,17.57
FDUS,2021-09-30,18.31
FDUS,2021-12-31,19.96
FDUS,2022-03-31,19.91
FDUS,2022-06-30,19.8
FDUS,2022-09-30,19.41
FDUS,2022-12-31,19.43
FDUS,2023-03-31,19.39
FDUS,2023-06-30,19.13
FDUS,2023-09-30,19.28
FDUS,2023-12-31,19.37
FDUS,2024-03-31,19.36
FDUS,2024-06-30,19.5
FDUS,2024-09-30,19.42
FDUS,2024-12-31,19.33
FDUS,2025-03-31,19.39
FDUS,2025-06-30,19.57
FDUS,2025-09-30,19.56
FDUS,2025-12-31,19.55
FDUS,2026-03-31,19.55
FDUS,2026-06-30,19.46
FSK,2017-12-31,37.2
FSK,2018-12-31,31.35
FSK,2019-12-31,30.54
FSK,2020-12-31,25.02
FSK,2021-12-31,27.17
FSK,2022-09-30,25.3
FSK,2022-12-31,24.89
FSK,2023-03-31,24.93
FSK,2023-06-30,24.69
FSK,2023-09-30,24.89
FSK,2023-12-31,24.46
FSK,2024-03-31,24.32
FSK,2024-06-30,23.95
FSK,2024-09-30,23.82
FSK,2024-12-31,23.64
FSK,2025-03-31,23.37
FSK,2025-06-30,21.93
FSK,2025-09-30,21.99
FSK,2025-12-31,20.89
FSK,2026-03-31,18.83
FSK,2026-06-30,18.3
GAIN,2013-03-31,9.1
GAIN,2014-03-31,8.34
GAIN,2015-03-31,9.18
GAIN,2016-03-31,9.22
GAIN,2017-03-31,9.95
GAIN,2018-03-31,10.85
GAIN,2019-03-31,12.4
GAIN,2020-03-31,11.17
GAIN,2021-03-31,11.52
GAIN,2021-06-30,12.66
GAIN,2021-09-30,13.27
GAIN,2021-12-31,13.27
GAIN,2022-03-31,13.43
GAIN,2022-06-30,13.44
GAIN,2022-09-30,13.31
GAIN,2022-12-31,13.43
GAIN,2023-03-31,13.09
GAIN,2023-06-30,12.99
GAIN,2023-09-30,14.03
GAIN,2023-12-31,13.01
GAIN,2024-03-31,13.43
GAIN,2024-06-30,13.01
GAIN,2024-09-30,12.49
GAIN,2024-12-31,13.3
GAIN,2025-03-31,13.55
GAIN,2025-06-30,12.99
GAIN,2025-09-30,13.53
GAIN,2025-12-31,14.95
GAIN,2026-03-31,16.78
GAIN,2026-06-30,16.24
GBDC,2017-09-30,16.08
GBDC,2018-09-30,16.1
GBDC,2019-09-30,16.76
GBDC,2020-09-30,14.33
GBDC,2021-09-30,15.19
GBDC,2021-12-31,15.26
GBDC,2022-03-31,15.35
GBDC,2022-06-30,15.14
GBDC,2022-09-30,14.89
GBDC,2022-12-31,14.71
GBDC,2023-03-31,14.73
GBDC,2023-06-30,14.83
GBDC,2023-09-30,15.02
GBDC,2023-12-31,15.03
GBDC,2024-03-31,15.12
GBDC,2024-06-30,15.32
GBDC,2024-09-30,15.19
GBDC,2024-12-31,15.13
GBDC,2025-03-31,15.04
GBDC,2025-06-30,15
GBDC,2025-09-30,14.97
GBDC,2025-12-31,14.84
GBDC,2026-03-31,14.35
GBDC,2026-06-30,14.25
GECC,2017-12-31,74.51
GECC,2018-12-31,62.02
GECC,2019-12-31,51.81
GECC,2020-12-31,20.74
GECC,2021-03-31,23.36
GECC,2021-06-30,23.4
GECC,2021-09-30,22.17
GECC,2021-12-31,16.63
GECC,2022-03-31,15.06
GECC,2022-06-30,12.84
GECC,2022-09-30,12.56
GECC,2022-12-31,11.16
GECC,2023-03-31,11.88
GECC,2023-06-30,12.21
GECC,2023-09-30,12.88
GECC,2023-12-31,12.99
GECC,2024-03-31,12.57
GECC,2024-06-30,12.06
GECC,2024-09-30,12.04
GECC,2024-12-31,11.79
GECC,2025-03-31,11.46
GECC,2025-06-30,12.1
GECC,2025-09-30,10.01
GECC,2025-12-31,8.07
GECC,2026-03-31,7.74
GECC,2026-06-30,7.95
GLAD,2013-09-30,9.81
GLAD,2014-09-30,9.51
GLAD,2015-09-30,9.06
GLAD,2016-09-30,8.62
GLAD,2017-09-30,8.4
GLAD,2018-09-30,8.32
GLAD,2019-09-30,8.22
GLAD,2020-09-30,7.4
GLAD,2021-09-30,9.28
GLAD,2021-12-31,9.44
GLAD,2022-03-31,9.49
GLAD,2022-06-30,9.12
GLAD,2022-09-30,9.08
GLAD,2022-12-31,9.06
GLAD,2023-03-31,9.19
GLAD,2023-06-30,9.27
GLAD,2023-09-30,9.39
GLAD,2023-12-31,9.61
GLAD,2024-03-31,9.9
GLAD,2024-06-30,20.18
GLAD,2024-09-30,21.18
GLAD,2024-12-31,21.51
GLAD,2025-03-31,21.41
GLAD,2025-06-30,21.25
GLAD,2025-09-30,21.34
GLAD,2025-12-31,21.13
GLAD,2026-03-31,21.36
GLAD,2026-06-30,21.5
GSBD,2013-01-31,20
GSBD,2014-12-31,19.56
GSBD,2015-12-31,18.97
GSBD,2016-12-31,18.31
GSBD,2017-12-31,18.09
GSBD,2018-12-31,17.65
GSBD,2019-12-31,16.75
GSBD,2020-12-31,15.91
GSBD,2021-03-31,16
GSBD,2021-06-30,16.05
GSBD,2021-09-30,15.92
GSBD,2021-12-31,15.86
GSBD,2022-03-31,15.8
GSBD,2022-06-30,15.53
GSBD,2022-09-30,15.02
GSBD,2022-12-31,14.61
GSBD,2023-03-31,14.44
GSBD,2023-06-30,14.59
GSBD,2023-09-30,14.61
GSBD,2023-12-31,14.62
GSBD,2024-03-31,14.55
GSBD,2024-06-30,13.67
GSBD,2024-09-30,13.54
GSBD,2024-12-31,13.41
GSBD,2025-03-31,13.2
GSBD,2025-06-30,13.02
GSBD,2025-09-30,12.75
GSBD,2025-12-31,12.64
GSBD,2026-03-31,12.17
GSBD,2026-06-30,12.06
HRZN,2014-12-31,14.36
HRZN,2015-12-31,13.85
HRZN,2016-12-31,12.09
HRZN,2017-12-31,11.72
HRZN,2018-12-31,11.64
HRZN,2019-12-31,11.83
HRZN,2020-12-31,11.02
HRZN,2021-09-30,11.63
HRZN,2021-12-31,11.56
HRZN,2022-03-31,11.68
HRZN,2022-06-30,11.69
HRZN,2022-09-30,11.66
HRZN,2022-12-31,11.47
HRZN,2023-03-31,11.34
HRZN,2023-06-30,11.07
HRZN,2023-09-30,10.41
HRZN,2023-12-31,9.71
HRZN,2024-03-31,9.64
HRZN,2024-06-30,9.12
HRZN,2024-09-30,9.06
HRZN,2024-12-31,8.43
HRZN,2025-03-31,7.57
HRZN,2025-06-30,6.75
HRZN,2025-09-30,7.12
HRZN,2025-12-31,6.98
HRZN,2026-03-31,6.98
HRZN,2026-06-30,6.23
HTGC,2014-12-31,10.18
HTGC,2015-12-31,9.94
HTGC,2016-12-31,9.9
HTGC,2017-12-31,9.96
HTGC,2018-12-31,9.9
HTGC,2019-12-31,10.55
HTGC,2020-12-31,11.26
HTGC,2021-03-31,11.36
HTGC,2021-06-30,11.71
HTGC,2021-09-30,11.54
HTGC,2021-12-31,11.22
HTGC,2022-03-31,10.82
HTGC,2022-06-30,10.43
HTGC,2022-09-30,10.47
HTGC,2022-12-31,10.53
HTGC,2023-03-31,10.82
HTGC,2023-06-30,10.96
HTGC,2023-09-30,10.93
HTGC,2023-12-31,11.43
HTGC,2024-03-31,11.63
HTGC,2024-06-30,11.43
HTGC,2024-09-30,11.4
HTGC,2024-12-31,11.66
HTGC,2025-03-31,11.55
HTGC,2025-06-30,11.84
HTGC,2025-09-30,12.05
HTGC,2025-12-31,12.13
HTGC,2026-03-31,11.9
HTGC,2026-06-30,12.15
ICMB,2018-06-30,12.57
ICMB,2019-06-30,10.51
ICMB,2020-06-30,7.79
ICMB,2021-06-30,6.92
ICMB,2021-12-31,7.09
ICMB,2022-03-31,6.93
ICMB,2022-06-30,6.5
ICMB,2022-09-30,6.47
ICMB,2022-12-31,6.36
ICMB,2023-03-31,6.13
ICMB,2023-06-30,6.09
ICMB,2023-09-30,5.83
ICMB,2023-12-31,5.48
ICMB,2024-03-31,5.49
ICMB,2024-06-30,5.21
ICMB,2024-09-30,5.55
ICMB,2024-12-31,5.39
ICMB,2025-03-31,5.42
ICMB,2025-06-30,5.27
ICMB,2025-09-30,5.04
ICMB,2025-12-31,4.25
ICMB,2026-03-31,3.65
ICMB,2026-06-30,3.44
KBDC,2020-12-31,14.86
KBDC,2021-12-31,16.22
KBDC,2022-06-30,16.55
KBDC,2022-09-30,16.73
KBDC,2022-12-31,16.5
KBDC,2023-03-31,16.57
KBDC,2023-06-30,16.58
KBDC,2023-09-30,16.4
KBDC,2023-12-31,16.42
KBDC,2024-03-31,16.63
KBDC,2024-06-30,16.57
KBDC,2024-09-30,16.7
KBDC,2024-12-31,16.7
KBDC,2025-03-31,16.51
KBDC,2025-06-30,16.37
KBDC,2025-09-30,16.34
KBDC,2025-12-31,16.32
KBDC,2026-03-31,16.23
KBDC,2026-06-30,16
LIEN,2022-02-02,14
LIEN,2022-03-31,13.61
LIEN,2022-06-30,13.64
LIEN,2022-09-30,13.73
LIEN,2022-12-31,13.91
LIEN,2023-03-31,14.29
LIEN,2023-06-30,14.49
LIEN,2023-09-30,14.06
LIEN,2023-12-31,13.77
LIEN,2024-03-31,13.6
LIEN,2024-06-30,13.56
LIEN,2024-09-30,13.28
LIEN,2024-12-31,13.2
LIEN,2025-03-31,13.19
LIEN,2025-06-30,13.23
LIEN,2025-09-30,13.27
LIEN,2025-12-31,13.3
LIEN,2026-03-31,13.33
LIEN,2026-06-30,13.26
MAIN,2012-12-31,18.59
MAIN,2013-12-31,19.89
MAIN,2014-12-31,20.85
MAIN,2015-12-31,21.24
MAIN,2016-12-31,22.1
MAIN,2017-12-31,23.53
MAIN,2018-12-31,24.09
MAIN,2019-12-31,23.91
MAIN,2020-12-31,22.35
MAIN,2021-09-30,24.27
MAIN,2021-12-31,25.29
MAIN,2022-03-31,25.89
MAIN,2022-06-30,25.37
MAIN,2022-09-30,25.94
MAIN,2022-12-31,26.86
MAIN,2023-03-31,27.23
MAIN,2023-06-30,27.69
MAIN,2023-09-30,28.33
MAIN,2023-12-31,29.2
MAIN,2024-03-31,29.54
MAIN,2024-06-30,29.8
MAIN,2024-09-30,30.57
MAIN,2024-12-31,31.65
MAIN,2025-03-31,32.03
MAIN,2025-06-30,32.3
MAIN,2025-09-30,32.78
MAIN,2025-12-31,33.33
MAIN,2026-03-31,33.46
MAIN,2026-06-30,33.92
MFIC,2019-03-31,19.06
MFIC,2020-03-31,15.7
MFIC,2021-03-31,15.88
MFIC,2021-09-30,16.07
MFIC,2021-12-31,16.08
MFIC,2022-03-31,15.79
MFIC,2022-06-30,15.52
MFIC,2022-09-30,15.45
MFIC,2022-12-31,15.1
MFIC,2023-03-31,15.18
MFIC,2023-06-30,15.2
MFIC,2023-09-30,15.28
MFIC,2023-12-31,15.41
MFIC,2024-03-31,15.42
MFIC,2024-06-30,15.38
MFIC,2024-09-30,15.1
MFIC,2024-12-31,14.98
MFIC,2025-03-31,14.93
MFIC,2025-06-30,14.75
MFIC,2025-09-30,14.66
MFIC,2025-12-31,14.18
MFIC,2026-03-31,13.82
MFIC,2026-06-30,13.37
MSDL,2019-12-31,20
MSDL,2020-12-31,20.08
MSDL,2021-12-31,20.91
MSDL,2022-03-31,20.82
MSDL,2022-06-30,20.32
MSDL,2022-09-30,20
MSDL,2022-12-31,19.81
MSDL,2023-03-31,19.93
MSDL,2023-06-30,20.15
MSDL,2023-09-30,20.57
MSDL,2023-12-31,20.67
MSDL,2024-03-31,20.67
MSDL,2024-06-30,20.83
MSDL,2024-09-30,20.83
MSDL,2024-12-31,20.81
MSDL,2025-03-31,20.65
MSDL,2025-06-30,20.59
MSDL,2025-09-30,20.41
MSDL,2025-12-31,20.26
MSDL,2026-03-31,19.81
MSDL,2026-06-30,19.5
MSIF,2014-12-31,16.8
MSIF,2015-12-31,15.76
MSIF,2016-12-31,16.29
MSIF,2017-12-31,16.29
MSIF,2018-12-31,7.96
MSIF,2019-12-31,7.77
MSIF,2020-12-31,7.28
MSIF,2021-12-31,7.68
MSIF,2022-03-31,7.72
MSIF,2022-06-30,7.58
MSIF,2022-09-30,7.62
MSIF,2022-12-31,7.61
MSIF,2023-03-31,7.59
MSIF,2023-06-30,7.67
MSIF,2023-09-30,7.67
MSIF,2023-12-31,7.77
MSIF,2024-03-31,7.72
MSIF,2024-06-30,7.78
MSIF,2024-09-30,7.69
MSIF,2024-12-31,15.53
MSIF,2025-03-31,15.35
MSIF,2025-06-30,15.33
MSIF,2025-09-30,15.54
MSIF,2025-12-31,15.85
MSIF,2026-03-31,15.87
MSIF,2026-06-30,16.51
NCDL,2018-12-31,19.48
NCDL,2019-12-31,20
NCDL,2020-12-31,18.74
NCDL,2021-12-31,19.39
NCDL,2022-03-31,19.31
NCDL,2022-06-30,18.76
NCDL,2022-09-30,18.54
NCDL,2022-12-31,18.32
NCDL,2023-03-31,18.01
NCDL,2023-06-30,17.93
NCDL,2023-09-30,17.96
NCDL,2023-12-31,18.13
NCDL,2024-03-31,18.21
NCDL,2024-06-30,18.03
NCDL,2024-09-30,18.15
NCDL,2024-12-31,18.18
NCDL,2025-03-31,17.96
NCDL,2025-06-30,17.92
NCDL,2025-09-30,17.85
NCDL,2025-12-31,17.72
NCDL,2026-03-31,17.5
NCDL,2026-06-30,17.19
NMFC,2017-12-31,13.63
NMFC,2018-12-31,13.22
NMFC,2019-12-31,13.26
NMFC,2020-12-31,12.62
NMFC,2021-09-30,13.26
NMFC,2021-12-31,13.49
NMFC,2022-03-31,13.56
NMFC,2022-06-30,13.42
NMFC,2022-09-30,13.2
NMFC,2022-12-31,13.02
NMFC,2023-03-31,13.14
NMFC,2023-06-30,13.14
NMFC,2023-09-30,13.06
NMFC,2023-12-31,12.87
NMFC,2024-03-31,12.77
NMFC,2024-06-30,12.74
NMFC,2024-09-30,12.62
NMFC,2024-12-31,12.55
NMFC,2025-03-31,12.45
NMFC,2025-06-30,12.21
NMFC,2025-09-30,12.06
NMFC,2025-12-31,11.52
NMFC,2026-03-31,10.92
NMFC,2026-06-30,10.89
NSLR,2017-12-31,9.64
NSLR,2018-12-31,9.89
NSLR,2019-12-31,11.38
NSLR,2020-12-31,15.14
NSLR,2021-06-30,16.56
NSLR,2021-09-30,14.79
NSLR,2021-12-31,11.72
NSLR,2022-03-31,12.22
NSLR,2022-06-30,9.24
NSLR,2022-09-30,7.83
NSLR,2022-12-31,7.39
NSLR,2023-03-31,7.59
NSLR,2023-06-30,7.35
NSLR,2023-09-30,8.41
NSLR,2023-12-31,7.99
NSLR,2024-03-31,7.17
NSLR,2024-06-30,6.94
NSLR,2024-09-30,6.73
NSLR,2024-12-31,6.68
NSLR,2025-03-31,6.66
NSLR,2025-06-30,9.18
NSLR,2025-09-30,9.23
NSLR,2025-12-31,8.09
NSLR,2026-03-31,14.24
NSLR,2026-06-30,13.44
OBDC,2015-12-31,0
OBDC,2016-12-31,14.85
OBDC,2017-12-31,15.03
OBDC,2018-12-31,15.1
OBDC,2019-12-31,15.24
OBDC,2020-12-31,14.74
OBDC,2021-09-30,14.95
OBDC,2021-12-31,15.08
OBDC,2022-03-31,14.88
OBDC,2022-06-30,14.48
OBDC,2022-09-30,14.85
OBDC,2022-12-31,14.99
OBDC,2023-03-31,15.15
OBDC,2023-06-30,15.26
OBDC,2023-09-30,15.4
OBDC,2023-12-31,15.45
OBDC,2024-03-31,15.47
OBDC,2024-06-30,15.36
OBDC,2024-09-30,15.28
OBDC,2024-12-31,15.26
OBDC,2025-03-31,15.14
OBDC,2025-06-30,15.03
OBDC,2025-09-30,14.89
OBDC,2025-12-31,14.81
OBDC,2026-03-31,14.41
OBDC,2026-06-30,14.26
OCSL,2018-09-30,18.26
OCSL,2019-09-30,19.81
OCSL,2020-09-30,19.47
OCSL,2021-09-30,21.84
OCSL,2021-12-31,22.03
OCSL,2022-03-31,21.79
OCSL,2022-06-30,20.67
OCSL,2022-09-30,20.38
OCSL,2022-12-31,19.63
OCSL,2023-03-31,19.66
OCSL,2023-06-30,19.58
OCSL,2023-09-30,19.63
OCSL,2023-12-31,19.14
OCSL,2024-03-31,18.72
OCSL,2024-06-30,18.19
OCSL,2024-09-30,18.09
OCSL,2024-12-31,17.63
OCSL,2025-03-31,16.75
OCSL,2025-06-30,16.76
OCSL,2025-09-30,16.64
OCSL,2025-12-31,16.3
OCSL,2026-03-31,15.69
OCSL,2026-06-30,15.7
OFS,2017-12-31,14.12
OFS,2018-12-31,13.1
OFS,2019-12-31,12.46
OFS,2020-12-31,11.85
OFS,2021-06-30,13.42
OFS,2021-09-30,14.16
OFS,2021-12-31,15.18
OFS,2022-03-31,15.52
OFS,2022-06-30,14.57
OFS,2022-09-30,13.58
OFS,2022-12-31,13.47
OFS,2023-03-31,13.42
OFS,2023-06-30,12.94
OFS,2023-09-30,12.74
OFS,2023-12-31,12.09
OFS,2024-03-31,11.08
OFS,2024-06-30,11.51
OFS,2024-09-30,11.29
OFS,2024-12-31,12.85
OFS,2025-03-31,11.97
OFS,2025-06-30,10.91
OFS,2025-09-30,10.17
OFS,2025-12-31,9.19
OFS,2026-03-31,8.16
OFS,2026-06-30,8.41
OXSQ,2012-12-31,9.9
OXSQ,2013-12-31,9.85
OXSQ,2014-12-31,8.64
OXSQ,2015-12-31,6.4
OXSQ,2016-12-31,7.5
OXSQ,2017-12-31,7.55
OXSQ,2018-12-31,6.6
OXSQ,2019-12-31,5.12
OXSQ,2020-12-31,4.55
OXSQ,2021-06-30,4.91
OXSQ,2021-09-30,5.03
OXSQ,2021-12-31,4.92
OXSQ,2022-03-31,4.65
OXSQ,2022-06-30,3.67
OXSQ,2022-09-30,3.34
OXSQ,2022-12-31,2.78
OXSQ,2023-03-31,2.8
OXSQ,2023-06-30,2.88
OXSQ,2023-09-30,2.78
OXSQ,2023-12-31,2.55
OXSQ,2024-03-31,2.42
OXSQ,2024-06-30,2.43
OXSQ,2024-09-30,2.35
OXSQ,2024-12-31,2.3
OXSQ,2025-03-31,2.09
OXSQ,2025-06-30,2.06
OXSQ,2025-09-30,1.95
OXSQ,2025-12-31,1.69
OXSQ,2026-03-31,1.32
OXSQ,2026-06-30,1.29
PFLT,2017-09-30,14.1
PFLT,2018-09-30,13.82
PFLT,2019-09-30,12.97
PFLT,2020-09-30,12.31
PFLT,2021-09-30,12.62
PFLT,2021-12-31,12.7
PFLT,2022-03-31,12.62
PFLT,2022-06-30,12.21
PFLT,2022-09-30,11.62
PFLT,2022-12-31,11.3
PFLT,2023-03-31,11.15
PFLT,2023-06-30,10.96
PFLT,2023-09-30,11.13
PFLT,2023-12-31,11.2
PFLT,2024-03-31,11.4
PFLT,2024-06-30,11.34
PFLT,2024-09-30,11.31
PFLT,2024-12-31,11.34
PFLT,2025-03-31,11.07
PFLT,2025-06-30,10.96
PFLT,2025-09-30,10.83
PFLT,2025-12-31,10.49
PFLT,2026-03-31,10.47
PFLT,2026-06-30,10.26
PFX,2018-09-30,117.92
PFX,2019-09-30,79.46
PFX,2020-09-30,55.3
PFX,2021-09-30,57.08
PFX,2021-12-31,58.99
PFX,2022-03-31,62.94
PFX,2022-06-30,58.74
PFX,2022-09-30,57.49
PFX,2022-12-31,59.38
PFX,2023-03-31,62.7
PFX,2023-06-30,67.01
PFX,2023-09-30,70.75
PFX,2023-12-31,73.14
PFX,2024-03-31,76.35
PFX,2024-06-30,76.35
PFX,2024-09-30,79.37
PFX,2024-12-31,80.59
PFX,2025-03-31,78.72
PFX,2025-06-30,78.2
PFX,2025-09-30,80.24
PFX,2025-12-31,77.92
PFX,2026-03-31,79.56
PFX,2026-06-30,81.69
PNNT,2017-09-30,9.1
PNNT,2018-09-30,9.11
PNNT,2019-09-30,8.68
PNNT,2020-09-30,7.84
PNNT,2021-09-30,9.85
PNNT,2021-12-31,10.11
PNNT,2022-03-31,10.05
PNNT,2022-06-30,9.65
PNNT,2022-09-30,8.98
PNNT,2022-12-31,7.71
PNNT,2023-03-31,7.6
PNNT,2023-06-30,7.72
PNNT,2023-09-30,7.7
PNNT,2023-12-31,7.65
PNNT,2024-03-31,7.69
PNNT,2024-06-30,7.52
PNNT,2024-09-30,7.56
PNNT,2024-12-31,7.57
PNNT,2025-03-31,7.48
PNNT,2025-06-30,7.36
PNNT,2025-09-30,7.11
PNNT,2025-12-31,7
PNNT,2026-03-31,6.73
PNNT,2026-06-30,6.56
PSBD,2020-01-22,20
PSBD,2020-12-31,20.15
PSBD,2021-09-30,20.7
PSBD,2021-12-31,20.06
PSBD,2022-09-30,16
PSBD,2022-12-31,14.96
PSBD,2023-03-31,16.12
PSBD,2023-06-30,16.55
PSBD,2023-09-30,16.76
PSBD,2023-12-31,17.04
PSBD,2024-03-31,17.16
PSBD,2024-06-30,16.85
PSBD,2024-09-30,16.61
PSBD,2024-12-31,16.5
PSBD,2025-03-31,15.85
PSBD,2025-06-30,15.68
PSBD,2025-09-30,15.39
PSBD,2025-12-31,14.85
PSBD,2026-03-31,13.3
PSBD,2026-06-30,13.21
PSEC,2017-06-30,9.32
PSEC,2018-06-30,9.35
PSEC,2019-06-30,9.01
PSEC,2020-06-30,8.18
PSEC,2021-06-30,9.81
PSEC,2021-09-30,10.12
PSEC,2021-12-31,10.6
PSEC,2022-03-31,10.81
PSEC,2022-06-30,10.48
PSEC,2022-09-30,10.01
PSEC,2022-12-31,9.94
PSEC,2023-03-31,9.48
PSEC,2023-06-30,9.24
PSEC,2023-09-30,9.25
PSEC,2023-12-31,8.92
PSEC,2024-03-31,8.99
PSEC,2024-06-30,8.74
PSEC,2024-09-30,8.1
PSEC,2024-12-31,7.84
PSEC,2025-03-31,7.25
PSEC,2025-06-30,6.56
PSEC,2025-09-30,6.45
PSEC,2025-12-31,6.21
PSEC,2026-03-31,6.05
PSEC,2026-06-30,5.71
RAND,2018-12-31,44.88
RAND,2019-12-31,32.93
RAND,2020-12-31,17.86
RAND,2021-12-31,23.54
RAND,2022-03-31,23.23
RAND,2022-06-30,22.34
RAND,2022-09-30,22.62
RAND,2022-12-31,22.36
RAND,2023-03-31,23
RAND,2023-06-30,23.79
RAND,2023-09-30,23.77
RAND,2023-12-31,23.56
RAND,2024-03-31,23.85
RAND,2024-06-30,26.56
RAND,2024-09-30,27.29
RAND,2024-12-31,25.31
RAND,2025-03-31,21.99
RAND,2025-06-30,19.1
RAND,2025-09-30,18.06
RAND,2025-12-31,17.57
RAND,2026-03-31,17.16
RAND,2026-06-30,17.33
RWAY,2015-12-31,15
RWAY,2016-12-31,10.38
RWAY,2017-12-31,14.66
RWAY,2018-12-31,15.14
RWAY,2019-12-31,14.58
RWAY,2020-12-31,14.84
RWAY,2021-06-30,14.61
RWAY,2021-09-30,14.6
RWAY,2021-12-31,14.65
RWAY,2022-03-31,14.45
RWAY,2022-06-30,14.14
RWAY,2022-09-30,14.12
RWAY,2022-12-31,14.22
RWAY,2023-03-31,14.07
RWAY,2023-06-30,14.17
RWAY,2023-09-30,14.08
RWAY,2023-12-31,13.5
RWAY,2024-03-06,13.5
RWAY,2024-03-31,13.36
RWAY,2024-06-30,13.14
RWAY,2024-09-30,13.39
RWAY,2024-12-31,13.79
RWAY,2025-03-17,13.79
RWAY,2025-03-31,13.48
RWAY,2025-06-30,13.66
RWAY,2025-09-30,13.55
RWAY,2025-12-31,13.42
RWAY,2026-03-09,13.42
RWAY,2026-03-31,12.13
RWAY,2026-06-30,11.91
SAR,2018-02-28,22.96
SAR,2019-02-28,23.62
SAR,2020-02-29,27.13
SAR,2021-02-28,27.25
SAR,2021-08-31,28.97
SAR,2021-11-30,29.17
SAR,2022-02-28,29.33
SAR,2022-05-31,28.69
SAR,2022-08-31,28.27
SAR,2022-11-30,28.25
SAR,2023-02-28,29.18
SAR,2023-05-31,28.48
SAR,2023-08-31,28.44
SAR,2023-11-30,27.42
SAR,2024-02-29,27.12
SAR,2024-05-31,26.85
SAR,2024-08-31,27.07
SAR,2024-11-30,26.95
SAR,2025-02-28,25.86
SAR,2025-05-31,25.52
SAR,2025-08-31,25.61
SAR,2025-11-30,25.59
SAR,2026-02-28,24.42
SAR,2026-05-31,23.23
SCM,2012-12-31,14.45
SCM,2013-12-31,14.54
SCM,2014-12-31,13.94
SCM,2015-12-31,13.19
SCM,2016-12-31,13.69
SCM,2017-12-31,13.81
SCM,2018-12-31,14.09
SCM,2019-12-31,14.14
SCM,2020-12-31,14.03
SCM,2021-09-30,14.15
SCM,2021-12-31,14.61
SCM,2022-03-31,14.59
SCM,2022-06-30,14.32
SCM,2022-09-30,14.18
SCM,2022-12-31,14.02
SCM,2023-03-31,13.87
SCM,2023-06-30,13.67
SCM,2023-09-30,13.19
SCM,2023-12-31,13.26
SCM,2024-03-31,13.41
SCM,2024-06-30,13.36
SCM,2024-09-30,13.55
SCM,2024-12-31,13.46
SCM,2025-03-31,13.25
SCM,2025-06-30,13.21
SCM,2025-09-30,13.05
SCM,2025-12-31,12.82
SCM,2026-03-31,12.54
SCM,2026-06-30,12.8
SLRC,2017-12-31,21.81
SLRC,2018-12-31,21.75
SLRC,2019-12-31,21.44
SLRC,2020-12-31,20.16
SLRC,2021-06-30,20.29
SLRC,2021-09-30,20.2
SLRC,2021-12-31,19.93
SLRC,2022-03-31,19.56
SLRC,2022-06-30,18.53
SLRC,2022-09-30,18.37
SLRC,2022-12-31,18.33
SLRC,2023-03-31,18.04
SLRC,2023-06-30,17.98
SLRC,2023-09-30,18.06
SLRC,2023-12-31,18.09
SLRC,2024-03-31,18.19
SLRC,2024-06-30,18.2
SLRC,2024-09-30,18.2
SLRC,2024-12-31,18.2
SLRC,2025-03-31,18.16
SLRC,2025-06-30,18.19
SLRC,2025-09-30,18.21
SLRC,2025-12-31,18.26
SLRC,2026-03-31,18.16
SLRC,2026-06-30,18
TCPC,2017-12-31,14.8
TCPC,2018-12-31,14.13
TCPC,2019-12-31,13.21
TCPC,2020-12-31,13.24
TCPC,2021-03-31,13.56
TCPC,2021-06-30,14.21
TCPC,2021-09-30,14.09
TCPC,2021-12-31,14.36
TCPC,2022-03-31,14.27
TCPC,2022-06-30,13.97
TCPC,2022-09-30,14.12
TCPC,2022-12-31,12.93
TCPC,2023-03-31,13
TCPC,2023-06-30,12.94
TCPC,2023-09-30,12.72
TCPC,2023-12-31,11.9
TCPC,2024-03-31,11.14
TCPC,2024-06-30,10.2
TCPC,2024-09-30,10.11
TCPC,2024-12-31,9.23
TCPC,2025-03-31,9.18
TCPC,2025-06-30,8.71
TCPC,2025-09-30,8.71
TCPC,2025-12-31,7.07
TCPC,2026-03-31,6.72
TCPC,2026-06-30,6.58
TPVG,2017-12-31,13.25
TPVG,2018-12-31,13.5
TPVG,2019-12-31,13.34
TPVG,2020-12-31,12.97
TPVG,2021-03-31,13
TPVG,2021-06-30,13.03
TPVG,2021-09-30,13.92
TPVG,2021-12-31,14.01
TPVG,2022-03-31,13.84
TPVG,2022-06-30,13.01
TPVG,2022-09-30,12.69
TPVG,2022-12-31,11.88
TPVG,2023-03-31,11.69
TPVG,2023-06-30,10.7
TPVG,2023-09-30,10.37
TPVG,2023-12-31,9.21
TPVG,2024-03-31,9.02
TPVG,2024-06-30,8.83
TPVG,2024-09-30,9.1
TPVG,2024-12-31,8.61
TPVG,2025-03-31,8.62
TPVG,2025-06-30,8.65
TPVG,2025-09-30,8.79
TPVG,2025-12-31,8.73
TPVG,2026-03-31,8.65
TPVG,2026-06-30,8.67
TRIN,2019-12-31,14.97
TRIN,2020-12-31,13.03
TRIN,2021-03-31,13.69
TRIN,2021-06-30,14.33
TRIN,2021-09-30,14.7
TRIN,2021-12-31,16.4
TRIN,2022-03-31,15.15
TRIN,2022-06-30,14.62
TRIN,2022-09-30,13.74
TRIN,2022-12-31,13.15
TRIN,2023-03-31,13.07
TRIN,2023-06-30,13.15
TRIN,2023-09-30,13.17
TRIN,2023-12-31,13.19
TRIN,2024-03-31,12.88
TRIN,2024-06-30,13.12
TRIN,2024-09-30,13.13
TRIN,2024-12-31,13.35
TRIN,2025-03-31,13.05
TRIN,2025-06-30,13.27
TRIN,2025-09-30,13.31
TRIN,2025-12-31,13.42
TRIN,2026-03-31,13.27
TRIN,2026-06-30,13.47
TSLX,2013-12-31,15.52
TSLX,2014-12-31,15.53
TSLX,2015-12-31,15.15
TSLX,2016-12-31,15.95
TSLX,2017-12-31,16.09
TSLX,2018-12-31,16.25
TSLX,2019-12-31,16.83
TSLX,2020-03-31,15.57
TSLX,2020-06-30,16.08
TSLX,2020-09-30,16.87
TSLX,2020-12-31,17.16
TSLX,2021-03-31,16.47
TSLX,2021-06-30,16.85
TSLX,2021-09-30,17.18
TSLX,2021-12-31,16.84
TSLX,2022-03-31,16.88
TSLX,2022-06-30,16.27
TSLX,2022-09-30,16.36
TSLX,2022-12-31,16.48
TSLX,2023-03-31,16.59
TSLX,2023-06-30,16.74
TSLX,2023-09-30,16.97
TSLX,2023-12-31,17.04
TSLX,2024-03-31,17.17
TSLX,2024-06-30,17.19
TSLX,2024-09-30,17.12
TSLX,2024-12-31,17.16
TSLX,2025-03-31,17.04
TSLX,2025-06-30,17.17
TSLX,2025-09-30,17.14
TSLX,2025-12-31,16.98
TSLX,2026-03-31,16.24
TSLX,2026-06-30,16.24
WHF,2017-12-31,13.98
WHF,2018-12-31,15.35
WHF,2019-12-31,15.23
WHF,2020-12-31,15.23
WHF,2021-09-30,15.46
WHF,2021-12-31,15.1
WHF,2022-03-31,14.99
WHF,2022-06-30,14.95
WHF,2022-09-30,14.76
WHF,2022-12-31,14.3
WHF,2023-03-31,14.2
WHF,2023-06-30,14
WHF,2023-09-30,13.87
WHF,2023-12-31,13.63
WHF,2024-03-31,13.5
WHF,2024-06-30,13.45
WHF,2024-09-30,12.77
WHF,2024-12-31,12.31
WHF,2025-03-31,12.11
WHF,2025-06-30,11.82
WHF,2025-09-30,11.41
WHF,2025-12-31,11.68
WHF,2026-03-31,11.47
WHF,2026-06-30,11.77
