"","variable","description","units","notes"
"1","ticker","Exchange ticker","Text",""
"2","cik","SEC Central Index Key","10-digit text",""
"3","calendar_quarter","Calendar quarter of period_end","e.g. 2025Q3","Funds with non-December fiscal years still map to the calendar quarter."
"4","period_end","Quarter-end date the figures refer to","Date",""
"5","report_filed","Date the last of this row's figures was first filed with the SEC","Date","Join to daily prices on this date (not period_end) to avoid look-ahead bias."
"6","q4_derived","TRUE if any quarterly flow in the row was calculated as full year minus 9-month YTD","Logical","Derived per-share Q4 values are approximate."
"7","net_investment_income","Net investment income (investment income minus expenses, before gains/losses) for the quarter","USD","Main earnings measure for BDCs."
"8","nii_per_share","NII per share for the quarter","USD per share","See nii_per_share_source."
"9","nii_per_share_source","'reported' = tagged by fund; 'computed' = NII / period-end shares","Text",""
"10","dividends_per_share","Dividends declared per share in the quarter","USD per share","May include specials; some funds tag paid rather than declared."
"11","dividend_coverage","nii_per_share / dividends_per_share","Ratio","<1 = dividend not covered by NII."
"12","nii_return_on_nav_ann","4 × NII / net assets","Decimal (0.10 = 10%)","Annualized earnings yield on NAV."
"13","investments_fair_value","Total investment portfolio at fair value","USD",""
"14","investments_cost","Total investment portfolio at amortized cost","USD",""
"15","fv_to_cost","investments_fair_value / investments_cost","Ratio","<1 = portfolio marked below cost (credit stress)."
"16","unrealized_appreciation","Fair value minus cost","USD","Negative = cumulative net unrealized depreciation."
"17","total_debt","Total borrowings","USD","Tagging varies the most across funds; check tag_usage."
"18","total_liabilities","Total liabilities","USD",""
"19","total_assets","Total assets","USD",""
"20","net_assets","Net assets (equity)","USD","= NAV × shares."
"21","debt_to_equity","total_debt / net_assets","Ratio","Regulatory cap is 2.0 for most BDCs (asset coverage ≥150%)."
"22","liabilities_to_equity","total_liabilities / net_assets","Ratio","Backup leverage measure; slightly above debt_to_equity because it includes payables."
"23","nav_per_share","Net asset value per share","USD per share","Filled from net_assets / shares if not tagged."
"24","shares_outstanding","Common shares outstanding at period end","Shares",""
"25","total_investment_income","Total investment income (interest, dividends, fees)","USD",""
"26","realized_gain_loss","Net realized gains (losses) on investments","USD","Patchy tagging."
"27","unrealized_gain_loss","Net change in unrealized appreciation (depreciation)","USD","Patchy tagging."
"28","net_increase_net_assets","Net increase in net assets resulting from operations (NII + gains/losses)","USD",""
"29","management_fees","Base management fee expense","USD","Patchy; internally managed BDCs (e.g. MAIN, CSWC) have none."
"30","incentive_fees","Incentive fee expense","USD","Patchy tagging."
