date,FF_FUTURE
2010-01-04,99.875
2010-01-05,99.875
2010-01-06,99.87750244
2010-01-07,99.87750244
2010-01-08,99.88500214
2010-01-11,99.88500214
2010-01-12,99.88500214
2010-01-13,99.88500214
2010-01-14,99.88749695
2010-01-15,99.88749695
2010-01-19,99.88749695
2010-01-20,99.88749695
2010-01-21,99.88749695
2010-01-22,99.88500214
2010-01-25,99.88500214
2010-01-26,99.88500214
2010-01-27,99.88749695
2010-01-28,99.88749695
2010-01-29,99.88749695
2010-02-01,99.86750031
2010-02-02,99.86750031
2010-02-03,99.86499786
2010-02-04,99.86499786
2010-02-05,99.86499786
2010-02-08,99.86499786
2010-02-09,99.86499786
2010-02-10,99.86750031
2010-02-11,99.86750031
2010-02-12,99.87000275
2010-02-16,99.87000275
2010-02-17,99.87000275
2010-02-18,99.87000275
2010-02-19,99.87249756
2010-02-22,99.87249756
2010-02-23,99.87249756
2010-02-24,99.87249756
2010-02-25,99.87249756
2010-02-26,99.87249756
2010-03-01,99.86000061
2010-03-02,99.86000061
2010-03-03,99.85749817
2010-03-04,99.84500122
2010-03-05,99.83499908
2010-03-08,99.83750153
2010-03-09,99.84249878
2010-03-10,99.84500122
2010-03-11,99.84249878
2010-03-12,99.83499908
2010-03-15,99.82749939
2010-03-16,99.82749939
2010-03-17,99.82749939
2010-03-18,99.82499695
2010-03-19,99.82499695
2010-03-22,99.82749939
2010-03-23,99.83000183
2010-03-24,99.83000183
2010-03-25,99.83000183
2010-03-26,99.83000183
2010-03-29,99.83000183
2010-03-30,99.83249664
2010-03-31,99.83249664
2010-04-01,99.80999756
2010-04-05,99.80249786
2010-04-06,99.80000305
2010-04-07,99.80000305
2010-04-08,99.80000305
2010-04-09,99.80000305
2010-04-12,99.80249786
2010-04-13,99.80249786
2010-04-14,99.80249786
2010-04-15,99.80249786
2010-04-16,99.80249786
2010-04-19,99.80000305
2010-04-20,99.80000305
2010-04-21,99.80000305
2010-04-22,99.80000305
2010-04-23,99.80000305
2010-04-26,99.80000305
2010-04-27,99.80000305
2010-04-28,99.80000305
2010-04-29,99.80000305
2010-04-30,99.80000305
2010-05-03,99.78749847
2010-05-04,99.78500366
2010-05-05,99.78250122
2010-05-06,99.77999878
2010-05-07,99.77249908
2010-05-10,99.78749847
2010-05-11,99.78749847
2010-05-12,99.79000092
2010-05-13,99.79000092
2010-05-14,99.79000092
2010-05-17,99.79250336
2010-05-18,99.79250336
2010-05-19,99.79250336
2010-05-20,99.79250336
2010-05-21,99.79250336
2010-05-24,99.79250336
2010-05-25,99.79250336
2010-05-26,99.79250336
2010-05-27,99.79499817
2010-05-28,99.79499817
2010-06-01,99.77999878
2010-06-02,99.78500366
2010-06-03,99.78500366
2010-06-04,99.79250336
2010-06-07,99.79250336
2010-06-08,99.79750061
2010-06-09,99.80249786
2010-06-10,99.80999756
2010-06-11,99.80999756
2010-06-14,99.80999756
2010-06-15,99.80999756
2010-06-16,99.80999756
2010-06-17,99.80999756
2010-06-18,99.80999756
2010-06-21,99.8125
2010-06-22,99.81500244
2010-06-23,99.81500244
2010-06-24,99.81749725
2010-06-25,99.81999969
2010-06-28,99.81999969
2010-06-29,99.81999969
2010-06-30,99.82250214
2010-07-01,99.80500031
2010-07-02,99.80999756
2010-07-06,99.8125
2010-07-07,99.81500244
2010-07-08,99.81500244
2010-07-09,99.81749725
2010-07-12,99.81749725
2010-07-13,99.81749725
2010-07-14,99.81749725
2010-07-15,99.81999969
2010-07-16,99.81999969
2010-07-19,99.81999969
2010-07-20,99.81749725
2010-07-21,99.81749725
2010-07-22,99.81749725
2010-07-23,99.81749725
2010-07-26,99.81749725
2010-07-27,99.81749725
2010-07-28,99.81749725
2010-07-29,99.81749725
2010-07-30,99.81749725
2010-08-02,99.8125
2010-08-03,99.81749725
2010-08-04,99.81749725
2010-08-05,99.81999969
2010-08-06,99.81999969
2010-08-09,99.81999969
2010-08-10,99.81999969
2010-08-11,99.81999969
2010-08-12,99.81999969
2010-08-13,99.81999969
2010-08-16,99.81749725
2010-08-17,99.81500244
2010-08-18,99.81500244
2010-08-19,99.81749725
2010-08-20,99.81500244
2010-08-23,99.8125
2010-08-24,99.8125
2010-08-25,99.8125
2010-08-26,99.8125
2010-08-27,99.8125
2010-08-30,99.8125
2010-08-31,99.8125
2010-09-01,99.81500244
2010-09-02,99.81500244
2010-09-03,99.81500244
2010-09-07,99.81500244
2010-09-08,99.81500244
2010-09-09,99.8125
2010-09-10,99.8125
2010-09-13,99.81500244
2010-09-14,99.81500244
2010-09-15,99.81500244
2010-09-16,99.81500244
2010-09-17,99.80699921
2010-09-20,99.80750275
2010-09-21,99.80750275
2010-09-22,99.80750275
2010-09-23,99.80750275
2010-09-24,99.80500031
2010-09-27,99.80500031
2010-09-28,99.80500031
2010-09-29,99.80500031
2010-09-30,99.80500031
2010-10-01,99.80500031
2010-10-04,99.80500031
2010-10-05,99.80500031
2010-10-06,99.80249786
2010-10-07,99.80249786
2010-10-08,99.80750275
2010-10-11,99.80750275
2010-10-12,99.80750275
2010-10-13,99.80750275
2010-10-14,99.80750275
2010-10-15,99.80750275
2010-10-18,99.80750275
2010-10-19,99.80750275
2010-10-20,99.80750275
2010-10-21,99.80750275
2010-10-22,99.80750275
2010-10-25,99.80750275
2010-10-26,99.80750275
2010-10-27,99.80999756
2010-10-28,99.80999756
2010-10-29,99.80999756
2010-11-01,99.81500244
2010-11-02,99.81500244
2010-11-03,99.8125
2010-11-04,99.8125
2010-11-05,99.80750275
2010-11-08,99.80750275
2010-11-09,99.80999756
2010-11-10,99.8125
2010-11-11,99.8125
2010-11-12,99.8125
2010-11-15,99.8125
2010-11-16,99.8125
2010-11-17,99.80999756
2010-11-18,99.80999756
2010-11-19,99.80750275
2010-11-22,99.80750275
2010-11-23,99.80750275
2010-11-24,99.80750275
2010-11-26,99.80750275
2010-11-29,99.80750275
2010-11-30,99.80750275
2010-12-01,99.80999756
2010-12-02,99.80500031
2010-12-03,99.80999756
2010-12-06,99.81749725
2010-12-07,99.81749725
2010-12-08,99.81999969
2010-12-09,99.82250214
2010-12-10,99.82499695
2010-12-13,99.82499695
2010-12-14,99.82499695
2010-12-15,99.82250214
2010-12-16,99.82250214
2010-12-17,99.82250214
2010-12-20,99.82250214
2010-12-21,99.81999969
2010-12-22,99.81999969
2010-12-23,99.81999969
2010-12-27,99.81999969
2010-12-28,99.81999969
2010-12-29,99.81999969
2010-12-30,99.81749725
2010-12-31,99.81749725
2011-01-03,99.81999969
2011-01-04,99.82250214
2011-01-05,99.82250214
2011-01-06,99.82250214
2011-01-07,99.82250214
2011-01-10,99.82250214
2011-01-11,99.82499695
2011-01-12,99.82749939
2011-01-13,99.82749939
2011-01-14,99.83000183
2011-01-18,99.83000183
2011-01-19,99.83000183
2011-01-20,99.83000183
2011-01-21,99.83000183
2011-01-24,99.83000183
2011-01-25,99.83000183
2011-01-26,99.83000183
2011-01-27,99.83000183
2011-01-28,99.83000183
2011-01-31,99.83000183
2011-02-01,99.83499908
2011-02-02,99.83499908
2011-02-03,99.83499908
2011-02-04,99.83499908
2011-02-07,99.83249664
2011-02-08,99.83249664
2011-02-09,99.83249664
2011-02-10,99.83499908
2011-02-11,99.83499908
2011-02-14,99.83750153
2011-02-15,99.83750153
2011-02-16,99.83750153
2011-02-17,99.83999634
2011-02-18,99.83999634
2011-02-22,99.83999634
2011-02-23,99.83999634
2011-02-24,99.84249878
2011-02-25,99.84249878
2011-02-28,99.84249878
2011-03-01,99.84999847
2011-03-02,99.84999847
2011-03-03,99.84999847
2011-03-04,99.84999847
2011-03-07,99.84999847
2011-03-08,99.85500336
2011-03-09,99.85500336
2011-03-10,99.85749817
2011-03-11,99.85749817
2011-03-14,99.85749817
2011-03-15,99.85749817
2011-03-16,99.85749817
2011-03-17,99.85749817
2011-03-18,99.85749817
2011-03-21,99.85749817
2011-03-22,99.85749817
2011-03-23,99.85749817
2011-03-24,99.85749817
2011-03-25,99.85749817
2011-03-28,99.86000061
2011-03-29,99.86000061
2011-03-30,99.86000061
2011-03-31,99.86000061
2011-04-01,99.87999725
2011-04-04,99.88999939
2011-04-05,99.88999939
2011-04-06,99.89250183
2011-04-07,99.89250183
2011-04-08,99.89499664
2011-04-11,99.89749908
2011-04-12,99.90000153
2011-04-13,99.90249634
2011-04-14,99.90000153
2011-04-15,99.90000153
2011-04-18,99.90000153
2011-04-19,99.90000153
2011-04-20,99.90000153
2011-04-21,99.90000153
2011-04-25,99.90000153
2011-04-26,99.90000153
2011-04-27,99.90000153
2011-04-28,99.90000153
2011-04-29,99.90000153
2011-05-02,99.90000153
2011-05-03,99.90249634
2011-05-04,99.90499878
2011-05-05,99.90499878
2011-05-06,99.90499878
2011-05-09,99.90499878
2011-05-10,99.90499878
2011-05-11,99.90499878
2011-05-12,99.90750122
2011-05-13,99.90750122
2011-05-16,99.90750122
2011-05-17,99.90750122
2011-05-18,99.90750122
2011-05-19,99.90750122
2011-05-20,99.90750122
2011-05-23,99.90750122
2011-05-24,99.90750122
2011-05-25,99.90750122
2011-05-26,99.90750122
2011-05-27,99.90750122
2011-05-31,99.90750122
2011-06-01,99.90000153
2011-06-02,99.90000153
2011-06-03,99.90000153
2011-06-06,99.89749908
2011-06-07,99.89749908
2011-06-08,99.89749908
2011-06-09,99.90000153
2011-06-10,99.90000153
2011-06-13,99.90000153
2011-06-14,99.90000153
2011-06-15,99.89749908
2011-06-16,99.89749908
2011-06-17,99.89749908
2011-06-20,99.89749908
2011-06-21,99.90000153
2011-06-22,99.90249634
2011-06-23,99.90249634
2011-06-24,99.90249634
2011-06-27,99.90499878
2011-06-28,99.90499878
2011-06-29,99.90499878
2011-06-30,99.90750122
2011-07-01,99.90499878
2011-07-05,99.90750122
2011-07-06,99.91000366
2011-07-07,99.91500092
2011-07-08,99.91750336
2011-07-11,99.91999817
2011-07-12,99.91999817
2011-07-13,99.92250061
2011-07-14,99.92749786
2011-07-15,99.92749786
2011-07-18,99.93000031
2011-07-19,99.93000031
2011-07-20,99.93000031
2011-07-21,99.93000031
2011-07-22,99.93250275
2011-07-25,99.93250275
2011-07-26,99.93250275
2011-07-27,99.93250275
2011-07-28,99.93250275
2011-07-29,99.93000031
2011-08-01,99.87750244
2011-08-02,99.88749695
2011-08-03,99.89749908
2011-08-04,99.91750336
2011-08-05,99.91750336
2011-08-08,99.91249847
2011-08-09,99.91249847
2011-08-10,99.91000366
2011-08-11,99.90000153
2011-08-12,99.89499664
2011-08-15,99.89499664
2011-08-16,99.89499664
2011-08-17,99.90000153
2011-08-18,99.90249634
2011-08-19,99.90249634
2011-08-22,99.90249634
2011-08-23,99.90249634
2011-08-24,99.90249634
2011-08-25,99.90249634
2011-08-26,99.90249634
2011-08-29,99.90249634
2011-08-30,99.90249634
2011-08-31,99.90249634
2011-09-01,99.91000366
2011-09-02,99.91000366
2011-09-06,99.91000366
2011-09-07,99.91000366
2011-09-08,99.91249847
2011-09-09,99.91249847
2011-09-12,99.91249847
2011-09-13,99.91249847
2011-09-14,99.91500092
2011-09-15,99.91500092
2011-09-16,99.91750336
2011-09-19,99.91750336
2011-09-20,99.91750336
2011-09-21,99.91500092
2011-09-22,99.91249847
2011-09-23,99.91249847
2011-09-26,99.91249847
2011-09-27,99.91249847
2011-09-28,99.91500092
2011-09-29,99.91500092
2011-09-30,99.91500092
2011-10-03,99.91000366
2011-10-04,99.91000366
2011-10-05,99.91500092
2011-10-06,99.91750336
2011-10-07,99.91750336
2011-10-10,99.91999817
2011-10-11,99.92250061
2011-10-12,99.92250061
2011-10-13,99.92250061
2011-10-14,99.92250061
2011-10-17,99.92250061
2011-10-18,99.92500305
2011-10-19,99.92500305
2011-10-20,99.92500305
2011-10-21,99.92500305
2011-10-24,99.92749786
2011-10-25,99.92749786
2011-10-26,99.92749786
2011-10-27,99.92749786
2011-10-28,99.92749786
2011-10-31,99.92749786
2011-11-01,99.91999817
2011-11-02,99.91999817
2011-11-03,99.91999817
2011-11-04,99.91999817
2011-11-07,99.91750336
2011-11-08,99.91750336
2011-11-09,99.91750336
2011-11-10,99.91750336
2011-11-11,99.91750336
2011-11-14,99.91750336
2011-11-15,99.91750336
2011-11-16,99.91500092
2011-11-17,99.91500092
2011-11-18,99.91500092
2011-11-21,99.91500092
2011-11-22,99.91500092
2011-11-23,99.91500092
2011-11-25,99.91500092
2011-11-28,99.91750336
2011-11-29,99.91750336
2011-11-30,99.91750336
2011-12-01,99.91000366
2011-12-02,99.91000366
2011-12-05,99.91249847
2011-12-06,99.91500092
2011-12-07,99.91500092
2011-12-08,99.91750336
2011-12-09,99.91999817
2011-12-12,99.91999817
2011-12-13,99.92250061
2011-12-14,99.92250061
2011-12-15,99.92250061
2011-12-16,99.92500305
2011-12-19,99.92500305
2011-12-20,99.92500305
2011-12-21,99.92749786
2011-12-22,99.92749786
2011-12-23,99.92749786
2011-12-27,99.92749786
2011-12-28,99.92749786
2011-12-29,99.92749786
2011-12-30,99.92749786
2012-01-03,99.92250061
2012-01-04,99.92500305
2012-01-05,99.92500305
2012-01-06,99.92749786
2012-01-09,99.92749786
2012-01-10,99.92749786
2012-01-11,99.92500305
2012-01-12,99.92500305
2012-01-13,99.92500305
2012-01-17,99.92250061
2012-01-18,99.91999817
2012-01-19,99.91999817
2012-01-20,99.91750336
2012-01-23,99.91750336
2012-01-24,99.91750336
2012-01-25,99.91750336
2012-01-26,99.91750336
2012-01-27,99.91750336
2012-01-30,99.91750336
2012-01-31,99.91750336
2012-02-01,99.90000153
2012-02-02,99.89499664
2012-02-03,99.89499664
2012-02-06,99.88999939
2012-02-07,99.88999939
2012-02-08,99.88999939
2012-02-09,99.88500214
2012-02-10,99.88249969
2012-02-13,99.87999725
2012-02-14,99.87999725
2012-02-15,99.88249969
2012-02-16,99.88249969
2012-02-17,99.88999939
2012-02-21,99.89250183
2012-02-22,99.89250183
2012-02-23,99.89499664
2012-02-24,99.89499664
2012-02-27,99.89499664
2012-02-28,99.89499664
2012-02-29,99.89499664
2012-03-01,99.88500214
2012-03-02,99.88999939
2012-03-05,99.88999939
2012-03-06,99.88999939
2012-03-07,99.88999939
2012-03-08,99.88749695
2012-03-09,99.88500214
2012-03-12,99.88500214
2012-03-13,99.88249969
2012-03-14,99.87999725
2012-03-15,99.87750244
2012-03-16,99.87750244
2012-03-19,99.87249756
2012-03-20,99.86750031
2012-03-21,99.86750031
2012-03-22,99.87000275
2012-03-23,99.87000275
2012-03-26,99.87000275
2012-03-27,99.87000275
2012-03-28,99.87000275
2012-03-29,99.87000275
2012-03-30,99.87249756
2012-04-02,99.87249756
2012-04-03,99.86750031
2012-04-04,99.86250305
2012-04-05,99.86000061
2012-04-09,99.86250305
2012-04-10,99.86000061
2012-04-11,99.86000061
2012-04-12,99.86000061
2012-04-13,99.86000061
2012-04-16,99.85749817
2012-04-17,99.85749817
2012-04-18,99.85749817
2012-04-19,99.85749817
2012-04-20,99.86250305
2012-04-23,99.86250305
2012-04-24,99.86250305
2012-04-25,99.86250305
2012-04-26,99.86250305
2012-04-27,99.86250305
2012-04-30,99.86250305
2012-05-01,99.86250305
2012-05-02,99.86250305
2012-05-03,99.85749817
2012-05-04,99.85749817
2012-05-07,99.85749817
2012-05-08,99.85250092
2012-05-09,99.84999847
2012-05-10,99.84750366
2012-05-11,99.84500122
2012-05-14,99.84249878
2012-05-15,99.84249878
2012-05-16,99.84249878
2012-05-17,99.83999634
2012-05-18,99.83999634
2012-05-21,99.83999634
2012-05-22,99.83999634
2012-05-23,99.84249878
2012-05-24,99.84249878
2012-05-25,99.84249878
2012-05-29,99.84249878
2012-05-30,99.84249878
2012-05-31,99.84249878
2012-06-01,99.84500122
2012-06-04,99.84249878
2012-06-05,99.84249878
2012-06-06,99.84249878
2012-06-07,99.84249878
2012-06-08,99.84249878
2012-06-11,99.83499908
2012-06-12,99.83249664
2012-06-13,99.83249664
2012-06-14,99.83249664
2012-06-15,99.83499908
2012-06-18,99.83750153
2012-06-19,99.83499908
2012-06-20,99.83499908
2012-06-21,99.83249664
2012-06-22,99.83249664
2012-06-25,99.83249664
2012-06-26,99.83249664
2012-06-27,99.83249664
2012-06-28,99.83499908
2012-06-29,99.83499908
2012-07-02,99.82749939
2012-07-03,99.82749939
2012-07-05,99.83000183
2012-07-06,99.83499908
2012-07-09,99.83499908
2012-07-10,99.83499908
2012-07-11,99.83499908
2012-07-12,99.83499908
2012-07-13,99.83499908
2012-07-16,99.83249664
2012-07-17,99.83249664
2012-07-18,99.83249664
2012-07-19,99.83499908
2012-07-20,99.83999634
2012-07-23,99.84249878
2012-07-24,99.83999634
2012-07-25,99.83999634
2012-07-26,99.83999634
2012-07-27,99.83999634
2012-07-30,99.83999634
2012-07-31,99.84249878
2012-08-01,99.85500336
2012-08-02,99.85500336
2012-08-03,99.85500336
2012-08-06,99.85500336
2012-08-07,99.85500336
2012-08-08,99.85500336
2012-08-09,99.85500336
2012-08-10,99.85500336
2012-08-13,99.85500336
2012-08-14,99.85749817
2012-08-15,99.86000061
2012-08-16,99.86250305
2012-08-17,99.86250305
2012-08-20,99.86250305
2012-08-21,99.86250305
2012-08-22,99.86250305
2012-08-23,99.86250305
2012-08-24,99.86499786
2012-08-27,99.86499786
2012-08-28,99.86499786
2012-08-29,99.86499786
2012-08-30,99.86499786
2012-08-31,99.86499786
2012-09-04,99.87000275
2012-09-05,99.86499786
2012-09-06,99.86000061
2012-09-07,99.85500336
2012-09-10,99.86000061
2012-09-11,99.86250305
2012-09-12,99.86250305
2012-09-13,99.85749817
2012-09-14,99.85500336
2012-09-17,99.85500336
2012-09-18,99.85500336
2012-09-19,99.85250092
2012-09-20,99.85250092
2012-09-21,99.85250092
2012-09-24,99.85250092
2012-09-25,99.85250092
2012-09-26,99.85250092
2012-09-27,99.85250092
2012-09-28,99.85500336
2012-10-01,99.85250092
2012-10-02,99.85500336
2012-10-03,99.85250092
2012-10-04,99.84999847
2012-10-05,99.84999847
2012-10-08,99.84999847
2012-10-09,99.84999847
2012-10-10,99.84999847
2012-10-11,99.84999847
2012-10-12,99.84999847
2012-10-15,99.84500122
2012-10-16,99.84500122
2012-10-17,99.84500122
2012-10-18,99.84500122
2012-10-19,99.84500122
2012-10-22,99.84500122
2012-10-23,99.84500122
2012-10-24,99.84500122
2012-10-25,99.84249878
2012-10-26,99.84249878
2012-10-31,99.83999634
2012-11-01,99.83999634
2012-11-02,99.83999634
2012-11-05,99.83750153
2012-11-06,99.83750153
2012-11-07,99.83499908
2012-11-08,99.83750153
2012-11-09,99.83750153
2012-11-12,99.83750153
2012-11-13,99.83750153
2012-11-14,99.83750153
2012-11-15,99.83750153
2012-11-16,99.83750153
2012-11-19,99.83750153
2012-11-20,99.83750153
2012-11-21,99.83750153
2012-11-23,99.83750153
2012-11-26,99.83750153
2012-11-27,99.83750153
2012-11-28,99.83750153
2012-11-29,99.83750153
2012-11-30,99.83750153
2012-12-03,99.84500122
2012-12-04,99.84500122
2012-12-05,99.84249878
2012-12-06,99.84249878
2012-12-07,99.84249878
2012-12-10,99.84249878
2012-12-11,99.84249878
2012-12-12,99.84249878
2012-12-13,99.84249878
2012-12-14,99.84249878
2012-12-17,99.83999634
2012-12-18,99.83750153
2012-12-19,99.83499908
2012-12-20,99.83249664
2012-12-21,99.83249664
2012-12-24,99.83249664
2012-12-26,99.83249664
2012-12-27,99.83249664
2012-12-28,99.83499908
2012-12-31,99.83499908
2013-01-02,99.83499908
2013-01-03,99.83999634
2013-01-04,99.83999634
2013-01-07,99.84249878
2013-01-08,99.84249878
2013-01-09,99.84750366
2013-01-10,99.85250092
2013-01-11,99.85250092
2013-01-14,99.85250092
2013-01-15,99.85250092
2013-01-16,99.85250092
2013-01-17,99.85250092
2013-01-18,99.85500336
2013-01-22,99.85749817
2013-01-23,99.85749817
2013-01-24,99.85749817
2013-01-25,99.85500336
2013-01-28,99.85500336
2013-01-29,99.85500336
2013-01-30,99.85500336
2013-01-31,99.85749817
2013-02-01,99.86499786
2013-02-04,99.86499786
2013-02-05,99.86750031
2013-02-06,99.86750031
2013-02-07,99.86250305
2013-02-08,99.86250305
2013-02-11,99.86250305
2013-02-12,99.86000061
2013-02-13,99.86000061
2013-02-14,99.86000061
2013-02-15,99.85749817
2013-02-19,99.85749817
2013-02-20,99.85500336
2013-02-21,99.85500336
2013-02-22,99.85500336
2013-02-25,99.85500336
2013-02-26,99.85500336
2013-02-27,99.85500336
2013-02-28,99.85500336
2013-03-01,99.85500336
2013-03-04,99.85500336
2013-03-05,99.85250092
2013-03-06,99.85250092
2013-03-07,99.85250092
2013-03-08,99.85250092
2013-03-11,99.85250092
2013-03-12,99.85250092
2013-03-13,99.85250092
2013-03-14,99.85250092
2013-03-15,99.85250092
2013-03-18,99.84999847
2013-03-19,99.84999847
2013-03-20,99.84999847
2013-03-21,99.84999847
2013-03-22,99.84999847
2013-03-25,99.84999847
2013-03-26,99.84999847
2013-03-27,99.85250092
2013-03-28,99.85250092
2013-03-29,
2013-04-01,99.85500336
2013-04-02,99.85500336
2013-04-03,99.85500336
2013-04-04,99.85749817
2013-04-05,99.85749817
2013-04-08,99.85749817
2013-04-09,99.85749817
2013-04-10,99.85749817
2013-04-11,99.85749817
2013-04-12,99.85749817
2013-04-15,99.85749817
2013-04-16,99.85749817
2013-04-17,99.85500336
2013-04-18,99.85500336
2013-04-19,99.85250092
2013-04-22,99.85250092
2013-04-23,99.85250092
2013-04-24,99.85250092
2013-04-25,99.85250092
2013-04-26,99.85250092
2013-04-29,99.85250092
2013-04-30,99.85250092
2013-05-01,99.875
2013-05-02,99.875
2013-05-03,99.87000275
2013-05-06,99.87000275
2013-05-07,99.87000275
2013-05-08,99.87000275
2013-05-09,99.87000275
2013-05-10,99.87000275
2013-05-13,99.87000275
2013-05-14,99.87249756
2013-05-15,99.875
2013-05-16,99.87750244
2013-05-17,99.87750244
2013-05-20,99.87999725
2013-05-21,99.88500214
2013-05-22,99.88500214
2013-05-23,99.88500214
2013-05-24,99.88749695
2013-05-28,99.88749695
2013-05-29,99.88999939
2013-05-30,99.88999939
2013-05-31,99.88999939
2013-06-03,99.89749908
2013-06-04,99.89749908
2013-06-05,99.89749908
2013-06-06,99.89749908
2013-06-07,99.90249634
2013-06-10,99.90499878
2013-06-11,99.90499878
2013-06-12,99.90499878
2013-06-13,99.90750122
2013-06-14,99.90750122
2013-06-17,99.90750122
2013-06-18,99.90750122
2013-06-19,99.90249634
2013-06-20,99.90249634
2013-06-21,99.90249634
2013-06-24,99.90249634
2013-06-25,99.90249634
2013-06-26,99.90249634
2013-06-27,99.90249634
2013-06-28,99.90499878
2013-07-01,99.89499664
2013-07-02,99.90000153
2013-07-03,99.90000153
2013-07-05,99.90000153
2013-07-08,99.90000153
2013-07-09,99.90000153
2013-07-10,99.90000153
2013-07-11,99.90000153
2013-07-12,99.90000153
2013-07-15,99.90249634
2013-07-16,99.90249634
2013-07-17,99.90249634
2013-07-18,99.90249634
2013-07-19,99.90249634
2013-07-22,99.90499878
2013-07-23,99.90499878
2013-07-24,99.90499878
2013-07-25,99.90499878
2013-07-26,99.90499878
2013-07-29,99.90499878
2013-07-30,99.90499878
2013-07-31,99.90499878
2013-08-01,99.90000153
2013-08-02,99.90499878
2013-08-05,99.90499878
2013-08-06,99.90499878
2013-08-07,99.90499878
2013-08-08,99.90750122
2013-08-09,99.90750122
2013-08-12,99.91000366
2013-08-13,99.91000366
2013-08-14,99.91000366
2013-08-15,99.91000366
2013-08-16,99.91000366
2013-08-19,99.91000366
2013-08-20,99.91249847
2013-08-21,99.91249847
2013-08-22,99.91249847
2013-08-23,99.91249847
2013-08-26,99.91249847
2013-08-27,99.91249847
2013-08-28,99.91500092
2013-08-29,99.91500092
2013-08-30,99.91500092
2013-09-03,99.91500092
2013-09-04,99.91500092
2013-09-05,99.91500092
2013-09-06,99.91750336
2013-09-09,99.91750336
2013-09-10,99.91750336
2013-09-11,99.91750336
2013-09-12,99.91750336
2013-09-13,99.91750336
2013-09-16,99.91750336
2013-09-17,99.91750336
2013-09-18,99.91750336
2013-09-19,99.91750336
2013-09-20,99.91750336
2013-09-23,99.91750336
2013-09-24,99.91750336
2013-09-25,99.91750336
2013-09-26,99.91750336
2013-09-27,99.91750336
2013-09-30,99.91999817
2013-10-01,99.90499878
2013-10-02,99.91000366
2013-10-03,99.91000366
2013-10-04,99.90499878
2013-10-07,99.90249634
2013-10-08,99.89250183
2013-10-09,99.89250183
2013-10-10,99.90249634
2013-10-11,99.90499878
2013-10-14,99.89749908
2013-10-15,99.90000153
2013-10-16,99.90750122
2013-10-17,99.90750122
2013-10-18,99.90750122
2013-10-21,99.90750122
2013-10-22,99.91000366
2013-10-23,99.91000366
2013-10-24,99.91000366
2013-10-25,99.91000366
2013-10-28,99.91000366
2013-10-29,99.91000366
2013-10-30,99.91000366
2013-10-31,99.91249847
2013-11-01,99.91500092
2013-11-04,99.91500092
2013-11-05,99.91500092
2013-11-06,99.91500092
2013-11-07,99.91750336
2013-11-08,99.91750336
2013-11-11,99.91750336
2013-11-12,99.91750336
2013-11-13,99.91750336
2013-11-14,99.91750336
2013-11-15,99.91750336
2013-11-18,99.91750336
2013-11-19,99.91750336
2013-11-20,99.91750336
2013-11-21,99.91750336
2013-11-22,99.91750336
2013-11-25,99.91750336
2013-11-26,99.91500092
2013-11-27,99.91500092
2013-11-29,99.91500092
2013-12-02,99.91500092
2013-12-03,99.91249847
2013-12-04,99.91249847
2013-12-05,99.91249847
2013-12-06,99.91249847
2013-12-09,99.91249847
2013-12-10,99.91249847
2013-12-11,99.91249847
2013-12-12,99.91500092
2013-12-13,99.91500092
2013-12-16,99.91500092
2013-12-17,99.91500092
2013-12-18,99.91249847
2013-12-19,99.91249847
2013-12-20,99.91249847
2013-12-23,99.91249847
2013-12-24,99.91249847
2013-12-26,99.91249847
2013-12-27,99.91500092
2013-12-30,99.91500092
2013-12-31,99.91500092
2014-01-02,99.91000366
2014-01-03,99.91000366
2014-01-06,99.91500092
2014-01-07,99.91500092
2014-01-08,99.91750336
2014-01-09,99.91999817
2014-01-10,99.91999817
2014-01-13,99.92250061
2014-01-14,99.92250061
2014-01-15,99.92500305
2014-01-16,99.92500305
2014-01-17,99.92500305
2014-01-21,99.92500305
2014-01-22,99.92500305
2014-01-23,99.92500305
2014-01-24,99.92749786
2014-01-27,99.92749786
2014-01-28,99.92749786
2014-01-29,99.92749786
2014-01-30,99.92749786
2014-01-31,99.92749786
2014-02-03,99.92250061
2014-02-04,99.92250061
2014-02-05,99.92250061
2014-02-06,99.92250061
2014-02-07,99.92500305
2014-02-10,99.92500305
2014-02-11,99.92749786
2014-02-12,99.93000031
2014-02-13,99.93000031
2014-02-14,99.93250275
2014-02-18,99.93250275
2014-02-19,99.93250275
2014-02-20,99.93250275
2014-02-21,99.93250275
2014-02-24,99.93250275
2014-02-25,99.93250275
2014-02-26,99.93250275
2014-02-27,99.93250275
2014-02-28,99.93250275
2014-03-03,99.92500305
2014-03-04,99.92500305
2014-03-05,99.92500305
2014-03-06,99.92500305
2014-03-07,99.92500305
2014-03-10,99.92500305
2014-03-11,99.92500305
2014-03-12,99.92250061
2014-03-13,99.92250061
2014-03-14,99.92250061
2014-03-17,99.92250061
2014-03-18,99.92250061
2014-03-19,99.92250061
2014-03-20,99.92250061
2014-03-21,99.92250061
2014-03-24,99.92250061
2014-03-25,99.92250061
2014-03-26,99.91999817
2014-03-27,99.91999817
2014-03-28,99.91999817
2014-03-31,99.91999817
2014-04-01,99.91999817
2014-04-02,99.91999817
2014-04-03,99.91999817
2014-04-04,99.91999817
2014-04-07,99.91999817
2014-04-08,99.91999817
2014-04-09,99.91999817
2014-04-10,99.91999817
2014-04-11,99.91999817
2014-04-14,99.91999817
2014-04-15,99.91750336
2014-04-16,99.91750336
2014-04-17,99.91750336
2014-04-21,99.91500092
2014-04-22,99.91500092
2014-04-23,99.91249847
2014-04-24,99.91249847
2014-04-25,99.91249847
2014-04-28,99.91249847
2014-04-29,99.91249847
2014-04-30,99.91249847
2014-05-01,99.91000366
2014-05-02,99.91000366
2014-05-05,99.91000366
2014-05-06,99.91249847
2014-05-07,99.91249847
2014-05-08,99.91249847
2014-05-09,99.91249847
2014-05-12,99.91249847
2014-05-13,99.91249847
2014-05-14,99.91249847
2014-05-15,99.91249847
2014-05-16,99.91249847
2014-05-19,99.91249847
2014-05-20,99.91249847
2014-05-21,99.91249847
2014-05-22,99.91249847
2014-05-23,99.91249847
2014-05-27,99.91249847
2014-05-28,99.91249847
2014-05-29,99.91249847
2014-05-30,99.91249847
2014-06-02,99.91000366
2014-06-03,99.91000366
2014-06-04,99.90750122
2014-06-05,99.90750122
2014-06-06,99.90750122
2014-06-09,99.90750122
2014-06-10,99.90750122
2014-06-11,99.90750122
2014-06-12,99.90750122
2014-06-13,99.90750122
2014-06-16,99.90499878
2014-06-17,99.90499878
2014-06-18,99.90499878
2014-06-19,99.90499878
2014-06-20,99.90499878
2014-06-23,99.90499878
2014-06-24,99.90499878
2014-06-25,99.90499878
2014-06-26,99.90499878
2014-06-27,99.90499878
2014-06-30,99.90499878
2014-07-01,99.90000153
2014-07-02,99.90000153
2014-07-03,99.90000153
2014-07-07,99.90249634
2014-07-08,99.90249634
2014-07-09,99.90249634
2014-07-10,99.90499878
2014-07-11,99.90750122
2014-07-14,99.90750122
2014-07-15,99.90750122
2014-07-16,99.90750122
2014-07-17,99.90750122
2014-07-18,99.90750122
2014-07-21,99.90750122
2014-07-22,99.90750122
2014-07-23,99.90750122
2014-07-24,99.90750122
2014-07-25,99.90750122
2014-07-28,99.90750122
2014-07-29,99.90750122
2014-07-30,99.90750122
2014-07-31,99.90750122
2014-08-01,99.90499878
2014-08-04,99.90750122
2014-08-05,99.90750122
2014-08-06,99.90750122
2014-08-07,99.90750122
2014-08-08,99.91000366
2014-08-11,99.91000366
2014-08-12,99.91000366
2014-08-13,99.91000366
2014-08-14,99.91000366
2014-08-15,99.91000366
2014-08-18,99.91000366
2014-08-19,99.91000366
2014-08-20,99.91000366
2014-08-21,99.91000366
2014-08-22,99.91000366
2014-08-25,99.91000366
2014-08-26,99.91000366
2014-08-27,99.91000366
2014-08-28,99.91000366
2014-08-29,99.91000366
2014-09-02,99.91000366
2014-09-03,99.91000366
2014-09-04,99.91000366
2014-09-05,99.91000366
2014-09-08,99.91000366
2014-09-09,99.91000366
2014-09-10,99.91000366
2014-09-11,99.91000366
2014-09-12,99.91000366
2014-09-15,99.91000366
2014-09-16,99.91000366
2014-09-17,99.91000366
2014-09-18,99.91000366
2014-09-19,99.91000366
2014-09-22,99.91249847
2014-09-23,99.91249847
2014-09-24,99.91249847
2014-09-25,99.91249847
2014-09-26,99.91249847
2014-09-29,99.91249847
2014-09-30,99.91249847
2014-10-01,99.91500092
2014-10-02,99.91500092
2014-10-03,99.91500092
2014-10-06,99.91249847
2014-10-07,99.91249847
2014-10-08,99.91249847
2014-10-09,99.91249847
2014-10-10,99.91249847
2014-10-13,99.91249847
2014-10-14,99.91249847
2014-10-15,99.91249847
2014-10-16,99.91249847
2014-10-17,99.91249847
2014-10-20,99.91249847
2014-10-21,99.91249847
2014-10-22,99.91249847
2014-10-23,99.91249847
2014-10-24,99.91249847
2014-10-27,99.91249847
2014-10-28,99.91249847
2014-10-29,99.91249847
2014-10-30,99.91249847
2014-10-31,99.91249847
2014-11-03,99.91000366
2014-11-04,99.91000366
2014-11-05,99.90750122
2014-11-06,99.90750122
2014-11-07,99.90750122
2014-11-10,99.90750122
2014-11-11,99.90750122
2014-11-12,99.90750122
2014-11-13,99.90750122
2014-11-14,99.90750122
2014-11-17,99.90750122
2014-11-18,99.90750122
2014-11-19,99.90499878
2014-11-20,99.90499878
2014-11-21,99.90499878
2014-11-24,99.90499878
2014-11-25,99.90499878
2014-11-26,99.90499878
2014-11-28,99.90499878
2014-12-01,99.88999939
2014-12-02,99.88749695
2014-12-03,99.88749695
2014-12-04,99.88749695
2014-12-05,99.88749695
2014-12-08,99.88749695
2014-12-09,99.88999939
2014-12-10,99.88999939
2014-12-11,99.88999939
2014-12-12,99.88999939
2014-12-15,99.88999939
2014-12-16,99.88999939
2014-12-17,99.88500214
2014-12-18,99.87999725
2014-12-19,99.87999725
2014-12-22,99.87999725
2014-12-23,99.87750244
2014-12-24,99.87750244
2014-12-26,99.87750244
2014-12-29,99.87750244
2014-12-30,99.87750244
2014-12-31,99.87750244
2015-01-02,99.88500214
2015-01-05,99.88749695
2015-01-06,99.88749695
2015-01-07,99.88749695
2015-01-08,99.88749695
2015-01-09,99.88500214
2015-01-12,99.88500214
2015-01-13,99.88249969
2015-01-14,99.88249969
2015-01-15,99.88249969
2015-01-16,99.88249969
2015-01-20,99.87999725
2015-01-21,99.87999725
2015-01-22,99.87999725
2015-01-23,99.87999725
2015-01-26,99.87999725
2015-01-27,99.87999725
2015-01-28,99.87999725
2015-01-29,99.87999725
2015-01-30,99.88249969
2015-02-02,99.875
2015-02-03,99.875
2015-02-04,99.875
2015-02-05,99.87750244
2015-02-06,99.87750244
2015-02-09,99.87999725
2015-02-10,99.87999725
2015-02-11,99.87999725
2015-02-12,99.87999725
2015-02-13,99.87999725
2015-02-17,99.87999725
2015-02-18,99.87999725
2015-02-19,99.87999725
2015-02-20,99.88249969
2015-02-23,99.88249969
2015-02-24,99.88500214
2015-02-25,99.88500214
2015-02-26,99.88500214
2015-02-27,99.88749695
2015-03-02,99.88249969
2015-03-03,99.88249969
2015-03-04,99.88249969
2015-03-05,99.88249969
2015-03-06,99.88249969
2015-03-09,99.88249969
2015-03-10,99.87999725
2015-03-11,99.87999725
2015-03-12,99.87999725
2015-03-13,99.87999725
2015-03-16,99.87999725
2015-03-17,99.87999725
2015-03-18,99.88249969
2015-03-19,99.88249969
2015-03-20,99.88249969
2015-03-23,99.88500214
2015-03-24,99.88500214
2015-03-25,99.88500214
2015-03-26,99.88500214
2015-03-27,99.88500214
2015-03-30,99.88500214
2015-03-31,99.88500214
2015-04-01,99.875
2015-04-02,99.875
2015-04-06,99.87750244
2015-04-07,99.87750244
2015-04-08,99.87750244
2015-04-09,99.87750244
2015-04-10,99.87750244
2015-04-13,99.87999725
2015-04-14,99.87999725
2015-04-15,99.87750244
2015-04-16,99.87750244
2015-04-17,99.87750244
2015-04-20,99.87750244
2015-04-21,99.87750244
2015-04-22,99.87750244
2015-04-23,99.87750244
2015-04-24,99.87750244
2015-04-27,99.87750244
2015-04-28,99.87750244
2015-04-29,99.87750244
2015-04-30,99.87750244
2015-05-01,99.87000275
2015-05-04,99.87000275
2015-05-05,99.87000275
2015-05-06,99.87249756
2015-05-07,99.87249756
2015-05-08,99.87249756
2015-05-11,99.87249756
2015-05-12,99.87249756
2015-05-13,99.87249756
2015-05-14,99.87249756
2015-05-15,99.87249756
2015-05-18,99.87249756
2015-05-19,99.87249756
2015-05-20,99.87249756
2015-05-21,99.87249756
2015-05-22,99.875
2015-05-26,99.875
2015-05-27,99.875
2015-05-28,99.875
2015-05-29,99.875
2015-06-01,99.87000275
2015-06-02,99.87000275
2015-06-03,99.87000275
2015-06-04,99.87000275
2015-06-05,99.87000275
2015-06-08,99.87000275
2015-06-09,99.87000275
2015-06-10,99.87000275
2015-06-11,99.87000275
2015-06-12,99.87000275
2015-06-15,99.87000275
2015-06-16,99.87000275
2015-06-17,99.87000275
2015-06-18,99.86750031
2015-06-19,99.86750031
2015-06-22,99.86750031
2015-06-23,99.86750031
2015-06-24,99.87000275
2015-06-25,99.87000275
2015-06-26,99.87000275
2015-06-29,99.87000275
2015-06-30,99.87000275
2015-07-01,99.86499786
2015-07-02,99.86499786
2015-07-06,99.86499786
2015-07-07,99.86750031
2015-07-08,99.86750031
2015-07-09,99.86750031
2015-07-10,99.86750031
2015-07-13,99.87000275
2015-07-14,99.87000275
2015-07-15,99.87000275
2015-07-16,99.87000275
2015-07-17,99.87000275
2015-07-20,99.87000275
2015-07-21,99.87000275
2015-07-22,99.87000275
2015-07-23,99.87000275
2015-07-24,99.87000275
2015-07-27,99.87000275
2015-07-28,99.87000275
2015-07-29,99.87000275
2015-07-30,99.87000275
2015-07-31,99.87000275
2015-08-03,99.86499786
2015-08-04,99.86499786
2015-08-05,99.86499786
2015-08-06,99.86499786
2015-08-07,99.86499786
2015-08-10,99.86499786
2015-08-11,99.86499786
2015-08-12,99.86499786
2015-08-13,99.86499786
2015-08-14,99.86250305
2015-08-17,99.86250305
2015-08-18,99.86250305
2015-08-19,99.86250305
2015-08-20,99.86250305
2015-08-21,99.86250305
2015-08-24,99.86250305
2015-08-25,99.86250305
2015-08-26,99.86250305
2015-08-27,99.86250305
2015-08-28,99.86250305
2015-08-31,99.86250305
2015-09-01,99.83000183
2015-09-02,99.83000183
2015-09-03,99.83000183
2015-09-04,99.83000183
2015-09-08,99.83499908
2015-09-09,99.83499908
2015-09-10,99.83499908
2015-09-11,99.83499908
2015-09-14,99.83499908
2015-09-15,99.83249664
2015-09-16,99.83499908
2015-09-17,99.86000061
2015-09-18,99.86250305
2015-09-21,99.86250305
2015-09-22,99.86250305
2015-09-23,99.86250305
2015-09-24,99.86250305
2015-09-25,99.86250305
2015-09-28,99.86250305
2015-09-29,99.86250305
2015-09-30,99.86250305
2015-10-01,99.86000061
2015-10-02,99.86000061
2015-10-05,99.86250305
2015-10-06,99.86499786
2015-10-07,99.86499786
2015-10-08,99.86499786
2015-10-09,99.86750031
2015-10-12,99.86750031
2015-10-13,99.86750031
2015-10-14,99.87000275
2015-10-15,99.87000275
2015-10-16,99.87000275
2015-10-19,99.87000275
2015-10-20,99.87000275
2015-10-21,99.87000275
2015-10-22,99.87249756
2015-10-23,99.87249756
2015-10-26,99.87249756
2015-10-27,99.875
2015-10-28,99.875
2015-10-29,99.875
2015-10-30,99.875
2015-11-02,99.87000275
2015-11-03,99.87000275
2015-11-04,99.87000275
2015-11-05,99.87249756
2015-11-06,99.87249756
2015-11-09,99.875
2015-11-10,99.875
2015-11-11,99.87750244
2015-11-12,99.87750244
2015-11-13,99.87750244
2015-11-16,99.87750244
2015-11-17,99.87750244
2015-11-18,99.87750244
2015-11-19,99.87750244
2015-11-20,99.87750244
2015-11-23,99.87999725
2015-11-24,99.87999725
2015-11-25,99.87999725
2015-11-27,99.87999725
2015-11-30,99.87999725
2015-12-01,99.78500366
2015-12-02,99.78500366
2015-12-03,99.77999878
2015-12-04,99.77999878
2015-12-07,99.77749634
2015-12-08,99.77500153
2015-12-09,99.77249908
2015-12-10,99.77249908
2015-12-11,99.77749634
2015-12-14,99.77749634
2015-12-15,99.77749634
2015-12-16,99.76750183
2015-12-17,99.76249695
2015-12-18,99.75749969
2015-12-21,99.75749969
2015-12-22,99.75749969
2015-12-23,99.75749969
2015-12-24,99.75749969
2015-12-28,99.75749969
2015-12-29,99.75749969
2015-12-30,99.75749969
2015-12-31,99.76000214
2016-01-04,99.66500092
2016-01-05,99.66500092
2016-01-06,99.66500092
2016-01-07,99.66500092
2016-01-08,99.66500092
2016-01-11,99.66500092
2016-01-12,99.66500092
2016-01-13,99.66500092
2016-01-14,99.66500092
2016-01-15,99.66500092
2016-01-18,
2016-01-19,99.66500092
2016-01-20,99.66500092
2016-01-21,99.66249847
2016-01-22,99.66249847
2016-01-25,99.66000366
2016-01-26,99.66000366
2016-01-27,99.66000366
2016-01-28,99.66000366
2016-01-29,99.65750122
2016-02-01,99.62750244
2016-02-02,99.62750244
2016-02-03,99.62750244
2016-02-04,99.62750244
2016-02-05,99.62750244
2016-02-08,99.62750244
2016-02-09,99.62750244
2016-02-10,99.62750244
2016-02-11,99.62750244
2016-02-12,99.625
2016-02-15,
2016-02-16,99.625
2016-02-17,99.625
2016-02-18,99.625
2016-02-19,99.625
2016-02-22,99.625
2016-02-23,99.625
2016-02-24,99.625
2016-02-25,99.625
2016-02-26,99.625
2016-02-29,99.625
2016-03-01,99.61750031
2016-03-02,99.62000275
2016-03-03,99.62249756
2016-03-04,99.62249756
2016-03-07,99.62249756
2016-03-08,99.62750244
2016-03-09,99.62750244
2016-03-10,99.62750244
2016-03-11,99.62999725
2016-03-14,99.62999725
2016-03-15,99.63249969
2016-03-16,99.63749695
2016-03-17,99.63749695
2016-03-18,99.63749695
2016-03-21,99.63749695
2016-03-22,99.63749695
2016-03-23,99.63749695
2016-03-24,99.63749695
2016-03-28,99.63749695
2016-03-29,99.63749695
2016-03-30,99.63749695
2016-03-31,99.63749695
2016-04-01,99.63500214
2016-04-04,99.63749695
2016-04-05,99.63749695
2016-04-06,99.63749695
2016-04-07,99.63749695
2016-04-08,99.63999939
2016-04-11,99.63999939
2016-04-12,99.63999939
2016-04-13,99.63999939
2016-04-14,99.63749695
2016-04-15,99.63749695
2016-04-18,99.63749695
2016-04-19,99.63749695
2016-04-20,99.63749695
2016-04-21,99.63749695
2016-04-22,99.63749695
2016-04-25,99.63749695
2016-04-26,99.63749695
2016-04-27,99.63749695
2016-04-28,99.63749695
2016-04-29,99.63749695
2016-05-02,99.63500214
2016-05-03,99.63999939
2016-05-04,99.63749695
2016-05-05,99.63749695
2016-05-06,99.63749695
2016-05-09,99.63500214
2016-05-10,99.63500214
2016-05-11,99.63500214
2016-05-12,99.63500214
2016-05-13,99.63500214
2016-05-16,99.63500214
2016-05-17,99.63749695
2016-05-18,99.63749695
2016-05-19,99.63749695
2016-05-20,99.63500214
2016-05-23,99.63500214
2016-05-24,99.63500214
2016-05-25,99.63249969
2016-05-26,99.63249969
2016-05-27,99.63249969
2016-05-31,99.63249969
2016-06-01,99.60749817
2016-06-02,99.60749817
2016-06-03,99.62750244
2016-06-06,99.62999725
2016-06-07,99.62999725
2016-06-08,99.62999725
2016-06-09,99.62999725
2016-06-10,99.63249969
2016-06-13,99.63249969
2016-06-14,99.63249969
2016-06-15,99.63249969
2016-06-16,99.62999725
2016-06-17,99.62999725
2016-06-20,99.62750244
2016-06-21,99.62750244
2016-06-22,99.62750244
2016-06-23,99.62750244
2016-06-24,99.62249756
2016-06-27,99.62249756
2016-06-28,99.62249756
2016-06-29,99.62249756
2016-06-30,99.62249756
2016-07-01,99.62000275
2016-07-05,99.61750031
2016-07-06,99.61499786
2016-07-07,99.61250305
2016-07-08,99.61250305
2016-07-11,99.61250305
2016-07-12,99.61250305
2016-07-13,99.61000061
2016-07-14,99.61000061
2016-07-15,99.60749817
2016-07-18,99.60749817
2016-07-19,99.60749817
2016-07-20,99.60749817
2016-07-21,99.60749817
2016-07-22,99.60749817
2016-07-25,99.60749817
2016-07-26,99.60500336
2016-07-27,99.60500336
2016-07-28,99.60500336
2016-07-29,99.60749817
2016-08-01,99.60749817
2016-08-02,99.59999847
2016-08-03,99.59999847
2016-08-04,99.60250092
2016-08-05,99.60250092
2016-08-08,99.59999847
2016-08-09,99.60250092
2016-08-10,99.60250092
2016-08-11,99.59999847
2016-08-12,99.60250092
2016-08-15,99.60250092
2016-08-16,99.60250092
2016-08-17,99.60250092
2016-08-18,99.60250092
2016-08-19,99.59999847
2016-08-22,99.60250092
2016-08-23,99.60250092
2016-08-24,99.60250092
2016-08-25,99.60250092
2016-08-26,99.60250092
2016-08-29,99.60250092
2016-08-30,99.60250092
2016-08-31,99.60250092
2016-09-01,99.58249664
2016-09-02,99.58499908
2016-09-06,99.58999634
2016-09-07,99.58999634
2016-09-08,99.58750153
2016-09-09,99.58249664
2016-09-12,99.58999634
2016-09-13,99.58999634
2016-09-14,99.58999634
2016-09-15,99.59249878
2016-09-16,99.59249878
2016-09-19,99.59249878
2016-09-20,99.58999634
2016-09-21,99.60250092
2016-09-22,99.60250092
2016-09-23,99.60250092
2016-09-26,99.60250092
2016-09-27,99.60250092
2016-09-28,99.60250092
2016-09-29,99.60250092
2016-09-30,99.60250092
2016-10-03,99.61000061
2016-10-04,99.61000061
2016-10-05,99.60749817
2016-10-06,99.60500336
2016-10-07,99.60500336
2016-10-11,99.60500336
2016-10-12,99.60500336
2016-10-13,99.60500336
2016-10-14,99.60500336
2016-10-17,99.60500336
2016-10-18,99.60500336
2016-10-19,99.60500336
2016-10-20,99.60500336
2016-10-21,99.60500336
2016-10-24,99.60500336
2016-10-25,99.60500336
2016-10-26,99.60500336
2016-10-27,99.60500336
2016-10-28,99.60500336
2016-10-31,99.60500336
2016-11-01,99.58750153
2016-11-02,99.59249878
2016-11-03,99.59249878
2016-11-04,99.59249878
2016-11-07,99.59249878
2016-11-08,99.59249878
2016-11-09,99.59249878
2016-11-10,99.59249878
2016-11-14,99.59249878
2016-11-15,99.59249878
2016-11-16,99.59249878
2016-11-17,99.59249878
2016-11-18,99.59249878
2016-11-21,99.59249878
2016-11-22,99.59249878
2016-11-23,99.59249878
2016-11-25,99.59249878
2016-11-28,99.59249878
2016-11-29,99.59249878
2016-11-30,99.59249878
2016-12-01,99.47000122
2016-12-02,99.47000122
2016-12-05,99.46749878
2016-12-06,99.46749878
2016-12-07,99.46749878
2016-12-08,99.46749878
2016-12-09,99.46749878
2016-12-12,99.46749878
2016-12-13,99.46499634
2016-12-14,99.46499634
2016-12-15,99.46499634
2016-12-16,99.46499634
2016-12-19,99.46499634
2016-12-20,99.46499634
2016-12-21,99.46499634
2016-12-22,99.46499634
2016-12-23,99.46499634
2016-12-27,99.46499634
2016-12-28,99.46499634
2016-12-29,99.46499634
2016-12-30,99.46499634
2017-01-03,99.35250092
2017-01-04,99.35250092
2017-01-05,99.35250092
2017-01-06,99.35250092
2017-01-09,99.35250092
2017-01-10,99.35250092
2017-01-11,99.35250092
2017-01-12,99.35250092
2017-01-13,99.35250092
2017-01-17,99.35250092
2017-01-18,99.35250092
2017-01-19,99.35250092
2017-01-20,99.35250092
2017-01-23,99.35250092
2017-01-24,99.35250092
2017-01-25,99.34999847
2017-01-26,99.34999847
2017-01-27,99.34999847
2017-01-30,99.34999847
2017-01-31,99.34999847
2017-02-01,99.34249878
2017-02-02,99.34249878
2017-02-03,99.34249878
2017-02-06,99.34249878
2017-02-07,99.34249878
2017-02-08,99.34249878
2017-02-09,99.34249878
2017-02-10,99.34249878
2017-02-13,99.34249878
2017-02-14,99.34249878
2017-02-15,99.34249878
2017-02-16,99.34249878
2017-02-17,99.34249878
2017-02-21,99.34249878
2017-02-22,99.34249878
2017-02-23,99.34249878
2017-02-24,99.34249878
2017-02-27,99.34249878
2017-02-28,99.34249878
2017-03-01,99.25
2017-03-02,99.23750305
2017-03-03,99.23000336
2017-03-06,99.23000336
2017-03-07,99.22750092
2017-03-08,99.22499847
2017-03-09,99.22499847
2017-03-10,99.22000122
2017-03-13,99.22000122
2017-03-14,99.21749878
2017-03-15,99.21499634
2017-03-16,99.21499634
2017-03-17,99.21499634
2017-03-20,99.21499634
2017-03-21,99.21499634
2017-03-22,99.21499634
2017-03-23,99.21499634
2017-03-24,99.21499634
2017-03-27,99.21499634
2017-03-28,99.21499634
2017-03-29,99.21499634
2017-03-30,99.21499634
2017-03-31,99.21499634
2017-04-03,99.10749817
2017-04-04,99.10749817
2017-04-05,99.10749817
2017-04-06,99.10749817
2017-04-07,99.10749817
2017-04-10,99.10749817
2017-04-11,99.10749817
2017-04-12,99.10749817
2017-04-13,99.10749817
2017-04-17,99.10749817
2017-04-18,99.10749817
2017-04-19,99.10749817
2017-04-20,99.10749817
2017-04-21,99.10749817
2017-04-24,99.10749817
2017-04-25,99.10749817
2017-04-26,99.10500336
2017-04-27,99.10500336
2017-04-28,99.10500336
2017-05-01,99.09500122
2017-05-02,99.09500122
2017-05-03,99.09500122
2017-05-04,99.09500122
2017-05-05,99.09500122
2017-05-08,99.09500122
2017-05-09,99.09500122
2017-05-10,99.09500122
2017-05-11,99.09500122
2017-05-12,99.09500122
2017-05-15,99.09500122
2017-05-16,99.09500122
2017-05-17,99.09500122
2017-05-18,99.09500122
2017-05-19,99.09500122
2017-05-22,99.09500122
2017-05-23,99.09500122
2017-05-24,99.09500122
2017-05-25,99.09500122
2017-05-26,99.09500122
2017-05-30,99.09500122
2017-05-31,99.09500122
2017-06-01,98.97250366
2017-06-02,98.97000122
2017-06-05,98.97000122
2017-06-06,98.97000122
2017-06-07,98.96749878
2017-06-08,98.96749878
2017-06-09,98.96749878
2017-06-12,98.96749878
2017-06-13,98.96749878
2017-06-14,98.96250153
2017-06-15,98.95999908
2017-06-16,98.95999908
2017-06-19,98.95999908
2017-06-20,98.95999908
2017-06-21,98.95999908
2017-06-22,98.95999908
2017-06-23,98.95999908
2017-06-26,98.95999908
2017-06-27,98.95999908
2017-06-28,98.95999908
2017-06-29,98.95999908
2017-06-30,98.95999908
2017-07-03,98.84999847
2017-07-05,98.84999847
2017-07-06,98.84999847
2017-07-07,98.84999847
2017-07-10,98.84999847
2017-07-11,98.84999847
2017-07-12,98.84999847
2017-07-13,98.84999847
2017-07-14,98.84999847
2017-07-17,98.84999847
2017-07-18,98.84999847
2017-07-19,98.84999847
2017-07-20,98.84999847
2017-07-21,98.84999847
2017-07-24,98.84999847
2017-07-25,98.84999847
2017-07-26,98.84999847
2017-07-27,98.84999847
2017-07-28,98.84999847
2017-07-31,98.84999847
2017-08-01,98.84500122
2017-08-02,98.84500122
2017-08-03,98.84500122
2017-08-04,98.84500122
2017-08-07,98.84500122
2017-08-08,98.84500122
2017-08-09,98.84500122
2017-08-10,98.84500122
2017-08-11,98.84500122
2017-08-14,98.84500122
2017-08-15,98.84500122
2017-08-16,98.84500122
2017-08-17,98.84500122
2017-08-18,98.84500122
2017-08-21,98.84500122
2017-08-22,98.84500122
2017-08-23,98.84500122
2017-08-24,98.84500122
2017-08-25,98.84500122
2017-08-28,98.84500122
2017-08-29,98.84500122
2017-08-30,98.84500122
2017-08-31,98.84500122
2017-09-01,98.84500122
2017-09-05,98.84500122
2017-09-06,98.84500122
2017-09-07,98.84500122
2017-09-08,98.84500122
2017-09-11,98.84500122
2017-09-12,98.84500122
2017-09-13,98.84500122
2017-09-14,98.84500122
2017-09-15,98.84500122
2017-09-18,98.84500122
2017-09-19,98.84500122
2017-09-20,98.84500122
2017-09-21,98.84500122
2017-09-22,98.84500122
2017-09-25,98.84500122
2017-09-26,98.84500122
2017-09-27,98.84500122
2017-09-28,98.84500122
2017-09-29,98.84500122
2017-10-02,98.84500122
2017-10-03,98.84500122
2017-10-04,98.84500122
2017-10-05,98.84500122
2017-10-06,98.84500122
2017-10-09,98.84500122
2017-10-10,98.84500122
2017-10-11,98.84500122
2017-10-12,98.84500122
2017-10-13,98.84500122
2017-10-16,98.84500122
2017-10-17,98.84500122
2017-10-18,98.84500122
2017-10-19,98.84500122
2017-10-20,98.84500122
2017-10-23,98.84500122
2017-10-24,98.84500122
2017-10-25,98.84500122
2017-10-26,98.84500122
2017-10-27,98.84500122
2017-10-30,98.84500122
2017-10-31,98.84500122
2017-11-01,98.84249878
2017-11-02,98.84249878
2017-11-03,98.84249878
2017-11-06,98.84249878
2017-11-07,98.84249878
2017-11-08,98.84249878
2017-11-09,98.84249878
2017-11-10,98.84249878
2017-11-13,98.84249878
2017-11-14,98.84249878
2017-11-15,98.84249878
2017-11-16,98.84249878
2017-11-17,98.84249878
2017-11-20,98.84249878
2017-11-21,98.84249878
2017-11-22,98.84249878
2017-11-24,98.84249878
2017-11-27,98.84249878
2017-11-28,98.84249878
2017-11-29,98.84249878
2017-11-30,98.84249878
2017-12-01,98.70999908
2017-12-04,98.70999908
2017-12-05,98.70749664
2017-12-06,98.70749664
2017-12-07,98.70749664
2017-12-08,98.70749664
2017-12-11,98.70749664
2017-12-12,98.70749664
2017-12-13,98.70500183
2017-12-14,98.69999695
2017-12-15,98.70500183
2017-12-18,98.70249939
2017-12-19,98.70249939
2017-12-20,98.70249939
2017-12-21,98.70249939
2017-12-22,98.70249939
2017-12-26,98.70249939
2017-12-27,98.70249939
2017-12-28,98.69999695
2017-12-29,98.69999695
2018-01-02,98.58999634
2018-01-03,98.58999634
2018-01-04,98.58750153
2018-01-05,98.58750153
2018-01-08,98.58750153
2018-01-09,98.58750153
2018-01-10,98.58750153
2018-01-11,98.58750153
2018-01-12,98.58750153
2018-01-16,98.58750153
2018-01-17,98.58750153
2018-01-18,98.58750153
2018-01-19,98.58750153
2018-01-22,98.58750153
2018-01-23,98.58750153
2018-01-24,98.58750153
2018-01-25,98.58750153
2018-01-26,98.58750153
2018-01-29,98.58750153
2018-01-30,98.58750153
2018-01-31,98.58750153
2018-02-01,98.58000183
2018-02-02,98.58249664
2018-02-05,98.58249664
2018-02-06,98.58249664
2018-02-07,98.58249664
2018-02-08,98.58249664
2018-02-09,98.58249664
2018-02-12,98.58249664
2018-02-13,98.58249664
2018-02-14,98.58000183
2018-02-15,98.58249664
2018-02-16,98.58249664
2018-02-20,98.58249664
2018-02-21,98.58249664
2018-02-22,98.58249664
2018-02-23,98.58000183
2018-02-26,98.58249664
2018-02-27,98.58249664
2018-02-28,98.58249664
2018-03-01,98.50749969
2018-03-02,98.50749969
2018-03-05,98.50499725
2018-03-06,98.50499725
2018-03-07,98.50499725
2018-03-08,98.50499725
2018-03-09,98.50250244
2018-03-12,98.50499725
2018-03-13,98.50499725
2018-03-14,98.50499725
2018-03-15,98.50250244
2018-03-16,98.5
2018-03-19,98.5
2018-03-20,98.5
2018-03-21,98.49749756
2018-03-22,98.49749756
2018-03-23,98.49749756
2018-03-26,98.49749756
2018-03-27,98.49749756
2018-03-28,98.49749756
2018-03-29,98.49749756
2018-04-02,98.32499695
2018-04-03,98.31999969
2018-04-04,98.31749725
2018-04-05,98.31749725
2018-04-06,98.31749725
2018-04-09,98.31749725
2018-04-10,98.31500244
2018-04-11,98.31500244
2018-04-12,98.31500244
2018-04-13,98.31500244
2018-04-16,98.31500244
2018-04-17,98.31500244
2018-04-18,98.3125
2018-04-19,98.3125
2018-04-20,98.3125
2018-04-23,98.30999756
2018-04-24,98.30999756
2018-04-25,98.30999756
2018-04-26,98.30999756
2018-04-27,98.30999756
2018-04-30,98.30750275
2018-05-01,98.29499817
2018-05-02,98.29499817
2018-05-03,98.29750061
2018-05-04,98.29750061
2018-05-07,98.29750061
2018-05-08,98.29499817
2018-05-09,98.29499817
2018-05-10,98.29750061
2018-05-11,98.30000305
2018-05-14,98.30000305
2018-05-15,98.29750061
2018-05-16,98.29750061
2018-05-17,98.29750061
2018-05-18,98.30000305
2018-05-21,98.29750061
2018-05-22,98.29750061
2018-05-23,98.30000305
2018-05-24,98.30000305
2018-05-25,98.30000305
2018-05-29,98.30000305
2018-05-30,98.30000305
2018-05-31,98.30000305
2018-06-01,98.17749786
2018-06-04,98.17250061
2018-06-05,98.17500305
2018-06-06,98.17749786
2018-06-07,98.17749786
2018-06-08,98.18000031
2018-06-11,98.17749786
2018-06-12,98.17749786
2018-06-13,98.18000031
2018-06-14,98.18000031
2018-06-15,98.18250275
2018-06-18,98.18250275
2018-06-19,98.18250275
2018-06-20,98.17749786
2018-06-21,98.17500305
2018-06-22,98.17500305
2018-06-25,98.17749786
2018-06-26,98.17749786
2018-06-27,98.17749786
2018-06-28,98.17749786
2018-06-29,98.18000031
2018-07-02,98.08000183
2018-07-03,98.08249664
2018-07-05,98.08249664
2018-07-06,98.08499908
2018-07-09,98.08999634
2018-07-10,98.08750153
2018-07-11,98.08750153
2018-07-12,98.08750153
2018-07-13,98.08999634
2018-07-16,98.08499908
2018-07-17,98.08499908
2018-07-18,98.08499908
2018-07-19,98.08499908
2018-07-20,98.08999634
2018-07-23,98.08750153
2018-07-24,98.08750153
2018-07-25,98.08750153
2018-07-26,98.08750153
2018-07-27,98.08750153
2018-07-30,98.08750153
2018-07-31,98.08750153
2018-08-01,98.08249664
2018-08-02,98.08499908
2018-08-03,98.08499908
2018-08-06,98.08750153
2018-08-07,98.08750153
2018-08-08,98.08750153
2018-08-09,98.08750153
2018-08-10,98.08750153
2018-08-13,98.08750153
2018-08-14,98.08750153
2018-08-15,98.08750153
2018-08-16,98.08499908
2018-08-17,98.08499908
2018-08-20,98.08499908
2018-08-21,98.08499908
2018-08-22,98.08499908
2018-08-23,98.08499908
2018-08-24,98.08249664
2018-08-27,98.08249664
2018-08-28,98.08249664
2018-08-29,98.08249664
2018-08-30,98.08499908
2018-08-31,98.08499908
2018-09-04,98.05249786
2018-09-05,98.04750061
2018-09-06,98.04750061
2018-09-07,98.05000305
2018-09-10,98.05000305
2018-09-11,98.05000305
2018-09-12,98.04750061
2018-09-13,98.04750061
2018-09-14,98.04750061
2018-09-17,98.04750061
2018-09-18,98.04499817
2018-09-19,98.04499817
2018-09-20,98.04750061
2018-09-21,98.04750061
2018-09-24,98.04750061
2018-09-25,98.04499817
2018-09-26,98.04499817
2018-09-27,98.04250336
2018-09-28,98.04499817
2018-10-01,97.81749725
2018-10-02,97.8125
2018-10-03,97.81500244
2018-10-04,97.81500244
2018-10-05,97.8125
2018-10-08,97.81500244
2018-10-09,97.81500244
2018-10-10,97.81500244
2018-10-11,97.81500244
2018-10-12,97.81500244
2018-10-15,97.81500244
2018-10-16,97.81749725
2018-10-17,97.81500244
2018-10-18,97.8125
2018-10-19,97.8125
2018-10-22,97.8125
2018-10-23,97.81500244
2018-10-24,97.80999756
2018-10-25,97.80999756
2018-10-26,97.80999756
2018-10-29,97.80999756
2018-10-30,97.80999756
2018-10-31,97.8125
2018-11-01,97.79750061
2018-11-02,97.79750061
2018-11-05,97.80000305
2018-11-06,97.79750061
2018-11-07,97.79750061
2018-11-08,97.79499817
2018-11-09,97.79499817
2018-11-12,97.79499817
2018-11-13,97.80000305
2018-11-14,97.80000305
2018-11-15,97.80000305
2018-11-16,97.80000305
2018-11-19,97.80500031
2018-11-20,97.80000305
2018-11-21,97.80000305
2018-11-23,97.80000305
2018-11-26,97.80000305
2018-11-27,97.80000305
2018-11-28,97.80000305
2018-11-29,97.80000305
2018-11-30,97.80249786
2018-12-03,97.72250366
2018-12-04,97.72499847
2018-12-06,97.72750092
2018-12-07,97.73000336
2018-12-10,97.73249817
2018-12-11,97.73000336
2018-12-12,97.72750092
2018-12-13,97.73000336
2018-12-14,97.73000336
2018-12-17,97.73500061
2018-12-18,97.73500061
2018-12-19,97.72250366
2018-12-20,97.72250366
2018-12-21,97.72250366
2018-12-24,97.72250366
2018-12-26,97.72250366
2018-12-27,97.72250366
2018-12-28,97.72499847
2018-12-31,97.72499847
2019-01-02,97.59999847
2019-01-03,97.59999847
2019-01-04,97.59999847
2019-01-07,97.59750366
2019-01-08,97.59999847
2019-01-09,97.59750366
2019-01-10,97.59750366
2019-01-11,97.59750366
2019-01-14,97.59999847
2019-01-15,97.59750366
2019-01-16,97.59750366
2019-01-17,97.59750366
2019-01-18,97.59750366
2019-01-22,97.59750366
2019-01-23,97.59750366
2019-01-24,97.59750366
2019-01-25,97.59750366
2019-01-28,97.59750366
2019-01-29,97.59750366
2019-01-30,97.59750366
2019-01-31,97.59999847
2019-02-01,97.59999847
2019-02-04,97.59999847
2019-02-05,97.59999847
2019-02-06,97.59750366
2019-02-07,97.59999847
2019-02-08,97.60250092
2019-02-11,97.59999847
2019-02-12,97.59999847
2019-02-13,97.59999847
2019-02-14,97.59999847
2019-02-15,97.60250092
2019-02-19,97.59999847
2019-02-20,97.59999847
2019-02-21,97.59750366
2019-02-22,97.59999847
2019-02-25,97.59999847
2019-02-26,97.59750366
2019-02-27,97.59750366
2019-02-28,97.59750366
2019-03-01,97.59750366
2019-03-04,97.59500122
2019-03-05,97.59750366
2019-03-06,97.59750366
2019-03-07,97.59750366
2019-03-08,97.59750366
2019-03-11,97.59750366
2019-03-12,97.59999847
2019-03-13,97.59999847
2019-03-14,97.59999847
2019-03-15,97.59750366
2019-03-18,97.59750366
2019-03-19,97.59999847
2019-03-20,97.59500122
2019-03-21,97.59500122
2019-03-22,97.59500122
2019-03-25,97.59500122
2019-03-26,97.59500122
2019-03-27,97.59500122
2019-03-28,97.59500122
2019-03-29,97.59500122
2019-04-01,97.59249878
2019-04-02,97.59249878
2019-04-03,97.58999634
2019-04-04,97.58999634
2019-04-05,97.58999634
2019-04-08,97.59249878
2019-04-09,97.59249878
2019-04-10,97.58999634
2019-04-11,97.58999634
2019-04-12,97.58999634
2019-04-15,97.58999634
2019-04-16,97.58999634
2019-04-17,97.58499908
2019-04-18,97.58499908
2019-04-22,97.57749939
2019-04-23,97.57749939
2019-04-24,97.57749939
2019-04-25,97.57499695
2019-04-26,97.57499695
2019-04-29,97.57499695
2019-04-30,97.57499695
2019-05-01,97.60250092
2019-05-02,97.59500122
2019-05-03,97.59999847
2019-05-06,97.60500336
2019-05-07,97.60500336
2019-05-08,97.60500336
2019-05-09,97.61250305
2019-05-10,97.61750031
2019-05-13,97.61750031
2019-05-14,97.61750031
2019-05-15,97.61000061
2019-05-16,97.60749817
2019-05-17,97.61000061
2019-05-20,97.61000061
2019-05-21,97.60749817
2019-05-22,97.60749817
2019-05-23,97.61000061
2019-05-24,97.61000061
2019-05-28,97.61250305
2019-05-29,97.60749817
2019-05-30,97.60749817
2019-05-31,97.61000061
2019-06-03,97.62999725
2019-06-04,97.63500214
2019-06-05,97.63249969
2019-06-06,97.62999725
2019-06-07,97.64250183
2019-06-10,97.63749695
2019-06-11,97.63500214
2019-06-12,97.63500214
2019-06-13,97.64250183
2019-06-14,97.63999939
2019-06-17,97.63999939
2019-06-18,97.64250183
2019-06-19,97.62750244
2019-06-20,97.625
2019-06-21,97.62249756
2019-06-24,97.62000275
2019-06-25,97.61750031
2019-06-26,97.61750031
2019-06-27,97.62000275
2019-06-28,97.62249756
2019-07-01,97.62999725
2019-07-02,97.62249756
2019-07-03,97.61750031
2019-07-05,97.61000061
2019-07-08,97.61250305
2019-07-09,97.60500336
2019-07-10,97.60749817
2019-07-11,97.60500336
2019-07-12,97.60749817
2019-07-15,97.60749817
2019-07-16,97.60250092
2019-07-17,97.59999847
2019-07-18,97.59750366
2019-07-19,97.59999847
2019-07-22,97.59999847
2019-07-23,97.59750366
2019-07-24,97.59750366
2019-07-25,97.59750366
2019-07-26,97.59750366
2019-07-29,97.59500122
2019-07-30,97.59500122
2019-07-31,97.59500122
2019-08-01,97.84750366
2019-08-02,97.84999847
2019-08-05,97.875
2019-08-06,97.86499786
2019-08-07,97.87249756
2019-08-08,97.87249756
2019-08-09,97.87000275
2019-08-12,97.87000275
2019-08-13,97.86750031
2019-08-14,97.875
2019-08-15,97.88249969
2019-08-16,97.87249756
2019-08-19,97.86750031
2019-08-20,97.87000275
2019-08-21,97.87000275
2019-08-22,97.87249756
2019-08-23,97.87249756
2019-08-26,97.87249756
2019-08-27,97.87249756
2019-08-28,97.87249756
2019-08-29,97.87249756
2019-08-30,97.87249756
2019-09-03,97.98500061
2019-09-04,97.99250031
2019-09-05,97.97499847
2019-09-06,97.97000122
2019-09-09,97.97499847
2019-09-10,97.97250366
2019-09-11,97.96749878
2019-09-12,97.96749878
2019-09-13,97.95749664
2019-09-16,97.94000244
2019-09-17,97.92500305
2019-09-18,97.9375
2019-09-19,97.94499969
2019-09-20,97.95500183
2019-09-23,97.94999695
2019-09-24,97.94499969
2019-09-25,97.94499969
2019-09-26,97.94750214
2019-09-27,97.95749664
2019-09-30,97.95749664
2019-10-01,98.15000153
2019-10-02,98.14499664
2019-10-03,98.15249634
2019-10-04,98.16249847
2019-10-07,98.16500092
2019-10-08,98.16500092
2019-10-09,98.16750336
2019-10-10,98.16750336
2019-10-11,98.17749786
2019-10-14,98.17500305
2019-10-15,98.16750336
2019-10-16,98.16500092
2019-10-17,98.16249847
2019-10-18,98.16750336
2019-10-21,98.16500092
2019-10-22,98.16000366
2019-10-23,98.16000366
2019-10-24,98.16249847
2019-10-25,98.16500092
2019-10-28,98.16500092
2019-10-29,98.16750336
2019-10-30,98.16999817
2019-10-31,98.16750336
2019-11-01,98.41500092
2019-11-04,98.41999817
2019-11-05,98.42250061
2019-11-06,98.42500305
2019-11-07,98.42749786
2019-11-08,98.43250275
2019-11-11,98.43250275
2019-11-12,98.43250275
2019-11-13,98.43499756
2019-11-14,98.4375
2019-11-15,98.44000244
2019-11-18,98.44000244
2019-11-19,98.44000244
2019-11-20,98.44249725
2019-11-21,98.44249725
2019-11-22,98.44249725
2019-11-25,98.44499969
2019-11-26,98.44499969
2019-11-27,98.44499969
2019-11-29,98.44499969
2019-12-02,98.43250275
2019-12-03,98.4375
2019-12-04,98.44000244
2019-12-05,98.44499969
2019-12-06,98.44249725
2019-12-09,98.44249725
2019-12-10,98.44000244
2019-12-11,98.44000244
2019-12-12,98.44249725
2019-12-13,98.44750214
2019-12-16,98.44499969
2019-12-17,98.44499969
2019-12-18,98.44249725
2019-12-19,98.44249725
2019-12-20,98.44750214
2019-12-23,98.44499969
2019-12-24,98.44750214
2019-12-26,98.44499969
2019-12-27,98.44499969
2019-12-30,98.44750214
2019-12-31,98.44750214
2020-01-02,98.44999695
2020-01-03,98.44750214
2020-01-06,98.44750214
2020-01-07,98.44750214
2020-01-08,98.44750214
2020-01-09,98.44999695
2020-01-10,98.44750214
2020-01-13,98.44999695
2020-01-14,98.44999695
2020-01-15,98.45249939
2020-01-16,98.45249939
2020-01-17,98.45249939
2020-01-21,98.45500183
2020-01-22,98.44999695
2020-01-23,98.44999695
2020-01-24,98.44999695
2020-01-27,98.44999695
2020-01-28,98.44999695
2020-01-29,98.44750214
2020-01-30,98.44999695
2020-01-31,98.44999695
2020-02-03,98.41249847
2020-02-04,98.41000366
2020-02-05,98.40750122
2020-02-06,98.41000366
2020-02-07,98.41249847
2020-02-10,98.41500092
2020-02-11,98.41500092
2020-02-12,98.41750336
2020-02-13,98.41500092
2020-02-14,98.41750336
2020-02-18,98.41750336
2020-02-19,98.41750336
2020-02-20,98.41500092
2020-02-21,98.41750336
2020-02-24,98.41750336
2020-02-25,98.41750336
2020-02-26,98.41500092
2020-02-27,98.41500092
2020-02-28,98.41500092
2020-03-02,98.71499634
2020-03-03,98.98500061
2020-03-04,98.97250366
2020-03-05,99.03500366
2020-03-06,99.12249756
2020-03-09,99.25
2020-03-10,99.16750336
2020-03-11,99.26000214
2020-03-12,99.29000092
2020-03-13,99.27999878
2020-03-16,99.34500122
2020-03-17,99.32749939
2020-03-18,99.30500031
2020-03-19,99.30249786
2020-03-20,99.32499695
2020-03-23,99.33750153
2020-03-24,99.33999634
2020-03-25,99.34249878
2020-03-26,99.34500122
2020-03-27,99.34750366
2020-03-30,99.34750366
2020-03-31,99.34750366
2020-04-01,99.93000031
2020-04-02,99.93000031
2020-04-03,99.94249725
2020-04-06,99.94249725
2020-04-07,99.94499969
2020-04-08,99.94249725
2020-04-09,99.94499969
2020-04-13,99.94249725
2020-04-14,99.94249725
2020-04-15,99.94249725
2020-04-16,99.94499969
2020-04-17,99.94499969
2020-04-20,99.94750214
2020-04-21,99.94999695
2020-04-22,99.94999695
2020-04-23,99.94750214
2020-04-24,99.95249939
2020-04-27,99.94750214
2020-04-28,99.94750214
2020-04-29,99.95249939
2020-04-30,99.94999695
2020-05-01,99.95249939
2020-05-04,99.95249939
2020-05-05,99.95249939
2020-05-06,99.94999695
2020-05-07,99.94750214
2020-05-08,99.94750214
2020-05-11,99.94999695
2020-05-12,99.94750214
2020-05-13,99.94750214
2020-05-14,99.94750214
2020-05-15,99.94999695
2020-05-18,99.94750214
2020-05-19,99.94999695
2020-05-20,99.94750214
2020-05-21,99.94999695
2020-05-22,99.94999695
2020-05-26,99.94750214
2020-05-27,99.94750214
2020-05-28,99.94750214
2020-05-29,99.94999695
2020-06-01,99.94499969
2020-06-02,99.94499969
2020-06-03,99.94249725
2020-06-04,99.93499756
2020-06-05,99.93250275
2020-06-08,99.92749786
2020-06-09,99.92250061
2020-06-10,99.92500305
2020-06-11,99.92500305
2020-06-12,99.91750336
2020-06-15,99.91500092
2020-06-16,99.91500092
2020-06-17,99.91750336
2020-06-18,99.91750336
2020-06-19,99.91750336
2020-06-22,99.91750336
2020-06-23,99.91999817
2020-06-24,99.91999817
2020-06-25,99.91999817
2020-06-26,99.91999817
2020-06-29,99.91999817
2020-06-30,99.91999817
2020-07-01,99.92500305
2020-07-02,99.91750336
2020-07-06,99.91500092
2020-07-07,99.91249847
2020-07-08,99.91500092
2020-07-09,99.91500092
2020-07-10,99.91249847
2020-07-13,99.91000366
2020-07-14,99.91000366
2020-07-15,99.91000366
2020-07-16,99.91000366
2020-07-17,99.91000366
2020-07-20,99.90750122
2020-07-21,99.90750122
2020-07-22,99.90750122
2020-07-23,99.90750122
2020-07-24,99.90750122
2020-07-27,99.91000366
2020-07-28,99.90750122
2020-07-29,99.90750122
2020-07-30,99.90750122
2020-07-31,99.90499878
2020-08-03,99.91500092
2020-08-04,99.91249847
2020-08-05,99.91249847
2020-08-06,99.91249847
2020-08-07,99.91000366
2020-08-10,99.90499878
2020-08-11,99.90499878
2020-08-12,99.90499878
2020-08-13,99.90750122
2020-08-14,99.90249634
2020-08-17,99.90249634
2020-08-18,99.90249634
2020-08-19,99.90499878
2020-08-20,99.90499878
2020-08-21,99.90750122
2020-08-24,99.90750122
2020-08-25,99.90499878
2020-08-26,99.90249634
2020-08-27,99.90499878
2020-08-28,99.90499878
2020-08-31,99.90499878
2020-09-01,99.91999817
2020-09-02,99.91750336
2020-09-03,99.91999817
2020-09-04,99.91249847
2020-09-08,99.91000366
2020-09-09,99.91249847
2020-09-10,99.91000366
2020-09-11,99.91000366
2020-09-14,99.91000366
2020-09-15,99.90750122
2020-09-16,99.90750122
2020-09-17,99.90750122
2020-09-18,99.90750122
2020-09-21,99.91000366
2020-09-22,99.91000366
2020-09-23,99.91249847
2020-09-24,99.91249847
2020-09-25,99.91249847
2020-09-28,99.91000366
2020-09-29,99.90750122
2020-09-30,99.91000366
2020-10-01,99.91500092
2020-10-02,99.91750336
2020-10-05,99.91750336
2020-10-06,99.91500092
2020-10-07,99.91500092
2020-10-08,99.91249847
2020-10-09,99.91249847
2020-10-12,99.91000366
2020-10-13,99.91000366
2020-10-14,99.91249847
2020-10-15,99.91000366
2020-10-16,99.91000366
2020-10-19,99.91000366
2020-10-20,99.91000366
2020-10-21,99.91000366
2020-10-22,99.91000366
2020-10-23,99.91000366
2020-10-26,99.91000366
2020-10-27,99.91000366
2020-10-28,99.91000366
2020-10-29,99.91000366
2020-10-30,99.91000366
2020-11-02,99.91249847
2020-11-03,99.91500092
2020-11-04,99.91000366
2020-11-05,99.91000366
2020-11-06,99.91000366
2020-11-09,99.91249847
2020-11-10,99.91000366
2020-11-11,99.91000366
2020-11-12,99.91000366
2020-11-13,99.91000366
2020-11-16,99.91249847
2020-11-17,99.91000366
2020-11-18,99.91000366
2020-11-19,99.91249847
2020-11-20,99.91000366
2020-11-23,99.91000366
2020-11-24,99.91249847
2020-11-25,99.91249847
2020-11-27,99.91249847
2020-11-30,99.91249847
2020-12-01,99.91500092
2020-12-02,99.91249847
2020-12-03,99.91249847
2020-12-04,99.91249847
2020-12-07,99.91249847
2020-12-08,99.91000366
2020-12-09,99.91000366
2020-12-10,99.91000366
2020-12-11,99.91249847
2020-12-14,99.91000366
2020-12-15,99.91000366
2020-12-16,99.91249847
2020-12-17,99.90750122
2020-12-18,99.90750122
2020-12-21,99.90750122
2020-12-22,99.91000366
2020-12-23,99.91000366
2020-12-24,99.91249847
2020-12-28,99.90750122
2020-12-29,99.90750122
2020-12-30,99.90750122
2020-12-31,99.91249847
2021-01-04,99.91500092
2021-01-05,99.91249847
2021-01-06,99.91249847
2021-01-07,99.91249847
2021-01-08,99.91249847
2021-01-11,99.91000366
2021-01-12,99.91000366
2021-01-13,99.91000366
2021-01-14,99.91000366
2021-01-15,99.91000366
2021-01-19,99.91000366
2021-01-20,99.91000366
2021-01-21,99.91000366
2021-01-22,99.91000366
2021-01-25,99.91000366
2021-01-26,99.91249847
2021-01-27,99.91249847
2021-01-28,99.91249847
2021-01-29,99.91249847
2021-02-01,99.93250275
2021-02-02,99.93250275
2021-02-03,99.93250275
2021-02-04,99.93499756
2021-02-05,99.93499756
2021-02-08,99.93499756
2021-02-09,99.93000031
2021-02-10,99.93000031
2021-02-11,99.92500305
2021-02-12,99.92749786
2021-02-16,99.92749786
2021-02-17,99.92749786
2021-02-18,99.92500305
2021-02-19,99.92749786
2021-02-22,99.92500305
2021-02-23,99.92500305
2021-02-24,99.92500305
2021-02-25,99.92500305
2021-02-26,99.92250061
2021-03-01,99.93000031
2021-03-02,99.93000031
2021-03-03,99.93000031
2021-03-04,99.93000031
2021-03-05,99.93499756
2021-03-08,99.93000031
2021-03-09,99.93000031
2021-03-10,99.93250275
2021-03-11,99.93000031
2021-03-12,99.93000031
2021-03-15,99.93000031
2021-03-16,99.92749786
2021-03-17,99.93000031
2021-03-18,99.93000031
2021-03-19,99.93250275
2021-03-22,99.93250275
2021-03-23,99.93000031
2021-03-24,99.93250275
2021-03-25,99.93000031
2021-03-26,99.93000031
2021-03-29,99.93000031
2021-03-30,99.93000031
2021-03-31,99.93000031
2021-04-01,99.9375
2021-04-05,99.93499756
2021-04-06,99.93250275
2021-04-07,99.93499756
2021-04-08,99.93250275
2021-04-09,99.93250275
2021-04-12,99.93000031
2021-04-13,99.93000031
2021-04-14,99.93000031
2021-04-15,99.93250275
2021-04-16,99.93000031
2021-04-19,99.93250275
2021-04-20,99.93000031
2021-04-21,99.93000031
2021-04-22,99.93000031
2021-04-23,99.93000031
2021-04-26,99.93000031
2021-04-27,99.92749786
2021-04-28,99.93000031
2021-04-29,99.93000031
2021-04-30,99.93000031
2021-05-03,99.92500305
2021-05-04,99.93250275
2021-05-05,99.93000031
2021-05-06,99.93499756
2021-05-07,99.9375
2021-05-10,99.9375
2021-05-11,99.9375
2021-05-12,99.9375
2021-05-13,99.9375
2021-05-14,99.9375
2021-05-17,99.94000244
2021-05-18,99.94000244
2021-05-19,99.94249725
2021-05-20,99.94000244
2021-05-21,99.94000244
2021-05-24,99.94000244
2021-05-25,99.94249725
2021-05-26,99.94000244
2021-05-27,99.94000244
2021-05-28,99.94000244
2021-06-01,99.93000031
2021-06-02,99.93000031
2021-06-03,99.93250275
2021-06-04,99.93250275
2021-06-07,99.93499756
2021-06-08,99.93499756
2021-06-09,99.9375
2021-06-10,99.93499756
2021-06-11,99.93499756
2021-06-14,99.93000031
2021-06-15,99.93000031
2021-06-16,99.91750336
2021-06-17,99.92250061
2021-06-18,99.91999817
2021-06-21,99.91999817
2021-06-22,99.92250061
2021-06-23,99.92250061
2021-06-24,99.91999817
2021-06-25,99.91999817
2021-06-28,99.91999817
2021-06-29,99.92250061
2021-06-30,99.91999817
2021-07-01,99.90249634
2021-07-02,99.90249634
2021-07-06,99.90499878
2021-07-07,99.90499878
2021-07-08,99.90249634
2021-07-09,99.90249634
2021-07-12,99.90249634
2021-07-13,99.90499878
2021-07-14,99.90249634
2021-07-15,99.90249634
2021-07-16,99.90249634
2021-07-19,99.90249634
2021-07-20,99.90000153
2021-07-21,99.90000153
2021-07-22,99.90000153
2021-07-23,99.90000153
2021-07-26,99.90249634
2021-07-27,99.90000153
2021-07-28,99.90000153
2021-07-29,99.90000153
2021-07-30,99.90000153
2021-08-02,99.90750122
2021-08-03,99.90499878
2021-08-04,99.90499878
2021-08-05,99.90249634
2021-08-06,99.90249634
2021-08-09,99.90249634
2021-08-10,99.90249634
2021-08-11,99.90249634
2021-08-12,99.90249634
2021-08-13,99.90249634
2021-08-16,99.90249634
2021-08-17,99.90499878
2021-08-18,99.90249634
2021-08-19,99.90499878
2021-08-20,99.90499878
2021-08-23,99.90499878
2021-08-24,99.90499878
2021-08-25,99.90499878
2021-08-26,99.90499878
2021-08-27,99.90499878
2021-08-30,99.90750122
2021-08-31,99.90750122
2021-09-01,99.91999817
2021-09-02,99.91999817
2021-09-03,99.92500305
2021-09-07,99.92500305
2021-09-08,99.92500305
2021-09-09,99.92500305
2021-09-10,99.91999817
2021-09-13,99.91999817
2021-09-14,99.92250061
2021-09-15,99.92250061
2021-09-16,99.92250061
2021-09-17,99.91999817
2021-09-20,99.91999817
2021-09-21,99.91999817
2021-09-22,99.91999817
2021-09-23,99.91999817
2021-09-24,99.91999817
2021-09-27,99.91999817
2021-09-28,99.91999817
2021-09-29,99.91999817
2021-09-30,99.91999817
2021-10-01,99.91999817
2021-10-04,99.92250061
2021-10-05,99.91999817
2021-10-06,99.91999817
2021-10-07,99.92500305
2021-10-08,99.92250061
2021-10-11,99.91999817
2021-10-12,99.91999817
2021-10-13,99.91999817
2021-10-14,99.92250061
2021-10-15,99.92250061
2021-10-18,99.91999817
2021-10-19,99.92250061
2021-10-20,99.92250061
2021-10-21,99.91999817
2021-10-22,99.91999817
2021-10-25,99.91999817
2021-10-26,99.91999817
2021-10-27,99.92250061
2021-10-28,99.91999817
2021-10-29,99.91999817
2021-11-01,99.92500305
2021-11-02,99.92500305
2021-11-03,99.91999817
2021-11-04,99.92250061
2021-11-05,99.92250061
2021-11-08,99.91999817
2021-11-09,99.91999817
2021-11-10,99.91999817
2021-11-11,99.91999817
2021-11-12,99.91999817
2021-11-15,99.91999817
2021-11-16,99.92250061
2021-11-17,99.91999817
2021-11-18,99.91999817
2021-11-19,99.91999817
2021-11-22,99.91999817
2021-11-23,99.91750336
2021-11-24,99.91999817
2021-11-26,99.91999817
2021-11-29,99.91999817
2021-11-30,99.91999817
2021-12-01,99.91750336
2021-12-02,99.91999817
2021-12-03,99.91999817
2021-12-06,99.91999817
2021-12-07,99.92250061
2021-12-08,99.91750336
2021-12-09,99.91999817
2021-12-10,99.91750336
2021-12-13,99.91999817
2021-12-14,99.91500092
2021-12-15,99.91750336
2021-12-16,99.91750336
2021-12-17,99.91750336
2021-12-20,99.91999817
2021-12-21,99.91999817
2021-12-22,99.91999817
2021-12-23,99.92250061
2021-12-27,99.92250061
2021-12-28,99.91999817
2021-12-29,99.91999817
2021-12-30,99.91999817
2021-12-31,99.91999817
2022-01-03,99.91750336
2022-01-04,99.91750336
2022-01-05,99.91750336
2022-01-06,99.91750336
2022-01-07,99.91750336
2022-01-10,99.91500092
2022-01-11,99.91750336
2022-01-12,99.91750336
2022-01-13,99.91750336
2022-01-14,99.91750336
2022-01-18,99.91750336
2022-01-19,99.91750336
2022-01-20,99.91750336
2022-01-21,99.91999817
2022-01-24,99.91750336
2022-01-25,99.91750336
2022-01-26,99.91999817
2022-01-27,99.91999817
2022-01-28,99.91999817
2022-01-31,99.91999817
2022-02-01,99.91750336
2022-02-02,99.91999817
2022-02-03,99.91750336
2022-02-04,99.90750122
2022-02-07,99.91249847
2022-02-08,99.91249847
2022-02-09,99.91500092
2022-02-10,99.875
2022-02-11,99.89749908
2022-02-14,99.91249847
2022-02-15,99.91500092
2022-02-16,99.91750336
2022-02-17,99.91999817
2022-02-18,99.91750336
2022-02-22,99.91750336
2022-02-23,99.91750336
2022-02-24,99.91999817
2022-02-25,99.91999817
2022-02-28,99.91750336
2022-03-01,99.79250336
2022-03-02,99.79000092
2022-03-03,99.79000092
2022-03-04,99.79499817
2022-03-07,99.79499817
2022-03-08,99.79499817
2022-03-09,99.78500366
2022-03-10,99.79499817
2022-03-11,99.79499817
2022-03-14,99.78500366
2022-03-15,99.78500366
2022-03-16,99.79750061
2022-03-17,99.80000305
2022-03-18,99.79750061
2022-03-21,99.79750061
2022-03-22,99.79750061
2022-03-23,99.79750061
2022-03-24,99.79750061
2022-03-25,99.80000305
2022-03-28,99.79750061
2022-03-29,99.79750061
2022-03-30,99.79750061
2022-03-31,99.79750061
2022-04-01,99.65750122
2022-04-04,99.65499878
2022-04-05,99.65750122
2022-04-06,99.65499878
2022-04-07,99.65750122
2022-04-08,99.65499878
2022-04-11,99.65499878
2022-04-12,99.66750336
2022-04-13,99.66999817
2022-04-14,99.66999817
2022-04-18,99.66750336
2022-04-19,99.66750336
2022-04-20,99.66750336
2022-04-21,99.66750336
2022-04-22,99.66750336
2022-04-25,99.66750336
2022-04-26,99.66999817
2022-04-27,99.66999817
2022-04-28,99.66999817
2022-04-29,99.66999817
2022-05-02,99.22000122
2022-05-03,99.21749878
2022-05-04,99.23000336
2022-05-05,99.23000336
2022-05-06,99.23249817
2022-05-09,99.23000336
2022-05-10,99.23249817
2022-05-11,99.23500061
2022-05-12,99.23500061
2022-05-13,99.23500061
2022-05-16,99.23500061
2022-05-17,99.23249817
2022-05-18,99.23500061
2022-05-19,99.23249817
2022-05-20,99.23500061
2022-05-23,99.23249817
2022-05-24,99.23249817
2022-05-25,99.23500061
2022-05-26,99.23249817
2022-05-27,99.23249817
2022-05-31,99.23500061
2022-06-01,98.91750336
2022-06-02,98.91500092
2022-06-03,98.91500092
2022-06-06,98.91249847
2022-06-07,98.91249847
2022-06-08,98.91249847
2022-06-09,98.91000366
2022-06-10,98.89749908
2022-06-13,98.89250183
2022-06-14,98.80999756
2022-06-15,98.79250336
2022-06-16,98.79250336
2022-06-17,98.79250336
2022-06-21,98.79250336
2022-06-22,98.79250336
2022-06-23,98.79250336
2022-06-24,98.79499817
2022-06-27,98.79250336
2022-06-28,98.79250336
2022-06-29,98.79250336
2022-06-30,98.79499817
2022-07-01,98.32499695
2022-07-05,98.32499695
2022-07-06,98.32499695
2022-07-07,98.32250214
2022-07-08,98.31999969
2022-07-11,98.31999969
2022-07-12,98.31999969
2022-07-13,98.29750061
2022-07-14,98.30750275
2022-07-15,98.31500244
2022-07-18,98.31500244
2022-07-19,98.31500244
2022-07-20,98.31500244
2022-07-21,98.31749725
2022-07-22,98.31999969
2022-07-25,98.31999969
2022-07-26,98.31749725
2022-07-27,98.32250214
2022-07-28,98.32499695
2022-07-29,98.32499695
2022-08-01,97.66750336
2022-08-02,97.66750336
2022-08-03,97.66750336
2022-08-04,97.66500092
2022-08-05,97.65499878
2022-08-08,97.65499878
2022-08-09,97.65499878
2022-08-10,97.66500092
2022-08-11,97.66750336
2022-08-12,97.66750336
2022-08-15,97.66750336
2022-08-16,97.66750336
2022-08-17,97.66999817
2022-08-18,97.66750336
2022-08-19,97.66750336
2022-08-22,97.66750336
2022-08-23,97.66750336
2022-08-24,97.66750336
2022-08-25,97.66999817
2022-08-26,97.66750336
2022-08-29,97.66750336
2022-08-30,97.66750336
2022-08-31,97.66750336
2022-09-01,97.45999908
2022-09-02,97.47250366
2022-09-06,97.45999908
2022-09-07,97.45999908
2022-09-08,97.45249939
2022-09-09,97.44999695
2022-09-12,97.44750214
2022-09-13,97.41999817
2022-09-14,97.42749786
2022-09-15,97.42749786
2022-09-16,97.43250275
2022-09-19,97.43250275
2022-09-20,97.43250275
2022-09-21,97.44499969
2022-09-22,97.44249725
2022-09-23,97.44249725
2022-09-26,97.44249725
2022-09-27,97.44249725
2022-09-28,97.44249725
2022-09-29,97.44249725
2022-09-30,97.44249725
2022-10-03,96.91750336
2022-10-04,96.91750336
2022-10-05,96.91750336
2022-10-06,96.91750336
2022-10-07,96.91999817
2022-10-10,96.91750336
2022-10-11,96.91750336
2022-10-12,96.91750336
2022-10-13,96.91750336
2022-10-14,96.91750336
2022-10-17,96.91750336
2022-10-18,96.91750336
2022-10-19,96.91999817
2022-10-20,96.91750336
2022-10-21,96.91750336
2022-10-24,96.91750336
2022-10-25,96.91750336
2022-10-26,96.91750336
2022-10-27,96.91750336
2022-10-28,96.91750336
2022-10-31,96.91999817
2022-11-01,96.21499634
2022-11-02,96.21749878
2022-11-03,96.21499634
2022-11-04,96.21499634
2022-11-07,96.21499634
2022-11-08,96.21749878
2022-11-09,96.21499634
2022-11-10,96.22000122
2022-11-11,96.21749878
2022-11-14,96.22000122
2022-11-15,96.21749878
2022-11-16,96.21749878
2022-11-17,96.21749878
2022-11-18,96.21749878
2022-11-21,96.21749878
2022-11-22,96.21749878
2022-11-23,96.21749878
2022-11-25,96.21749878
2022-11-28,96.22000122
2022-11-29,96.22000122
2022-11-30,96.21749878
2022-12-01,95.87750244
2022-12-02,95.88249969
2022-12-05,95.87999725
2022-12-06,95.88249969
2022-12-07,95.88249969
2022-12-08,95.88500214
2022-12-09,95.88249969
2022-12-12,95.88249969
2022-12-13,95.89250183
2022-12-14,95.89250183
2022-12-15,95.89250183
2022-12-16,95.89499664
2022-12-19,95.89499664
2022-12-20,95.89749908
2022-12-21,95.89499664
2022-12-22,95.89499664
2022-12-23,95.89499664
2022-12-27,95.89499664
2022-12-28,95.89499664
2022-12-29,95.89749908
2022-12-30,95.89749908
2023-01-03,95.66750336
2023-01-04,95.66750336
2023-01-05,95.66750336
2023-01-06,95.66750336
2023-01-09,95.66750336
2023-01-10,95.66750336
2023-01-11,95.66750336
2023-01-12,95.66750336
2023-01-13,95.66750336
2023-01-17,95.66750336
2023-01-18,95.66750336
2023-01-19,95.66999817
2023-01-20,95.66750336
2023-01-23,95.66999817
2023-01-24,95.66999817
2023-01-25,95.66750336
2023-01-26,95.66999817
2023-01-27,95.66999817
2023-01-30,95.66999817
2023-01-31,95.66750336
2023-02-01,95.42749786
2023-02-02,95.42749786
2023-02-03,95.42749786
2023-02-06,95.42500305
2023-02-07,95.43000031
2023-02-08,95.43000031
2023-02-09,95.42749786
2023-02-10,95.43000031
2023-02-13,95.43000031
2023-02-14,95.42749786
2023-02-15,95.42749786
2023-02-16,95.42749786
2023-02-17,95.42749786
2023-02-21,95.42749786
2023-02-22,95.42749786
2023-02-23,95.42749786
2023-02-24,95.43000031
2023-02-27,95.42749786
2023-02-28,95.42749786
2023-03-01,95.33499908
2023-03-02,95.33249664
2023-03-03,95.33249664
2023-03-06,95.33249664
2023-03-07,95.30750275
2023-03-08,95.29750061
2023-03-09,95.30500031
2023-03-10,95.33750153
2023-03-13,95.39499664
2023-03-14,95.36250305
2023-03-15,95.38249969
2023-03-16,95.36499786
2023-03-17,95.375
2023-03-20,95.37000275
2023-03-21,95.36499786
2023-03-22,95.35250092
2023-03-23,95.35250092
2023-03-24,95.35250092
2023-03-27,95.34999847
2023-03-28,95.34999847
2023-03-29,95.34999847
2023-03-30,95.34999847
2023-03-31,95.34999847
2023-04-03,95.18499756
2023-04-04,95.18250275
2023-04-05,95.18499756
2023-04-06,95.18000031
2023-04-10,95.17250061
2023-04-11,95.17250061
2023-04-12,95.17250061
2023-04-13,95.17250061
2023-04-14,95.16999817
2023-04-17,95.16999817
2023-04-18,95.16999817
2023-04-19,95.16999817
2023-04-20,95.16999817
2023-04-21,95.16999817
2023-04-24,95.16999817
2023-04-25,95.16999817
2023-04-26,95.17250061
2023-04-27,95.16999817
2023-04-28,95.16999817
2023-05-01,94.95749664
2023-05-02,94.97750092
2023-05-03,94.95249939
2023-05-04,94.96250153
2023-05-05,94.95500183
2023-05-08,94.95249939
2023-05-09,94.94999695
2023-05-10,94.95249939
2023-05-11,94.94750214
2023-05-12,94.94750214
2023-05-15,94.94750214
2023-05-16,94.94499969
2023-05-17,94.94499969
2023-05-18,94.94499969
2023-05-19,94.94249725
2023-05-22,94.94249725
2023-05-23,94.94249725
2023-05-24,94.94249725
2023-05-25,94.94499969
2023-05-26,94.94249725
2023-05-30,94.94249725
2023-05-31,94.94499969
2023-06-01,94.88249969
2023-06-02,94.875
2023-06-05,94.88249969
2023-06-06,94.88999939
2023-06-07,94.88500214
2023-06-08,94.88500214
2023-06-09,94.87999725
2023-06-12,94.88500214
2023-06-13,94.90750122
2023-06-14,94.91750336
2023-06-15,94.91750336
2023-06-16,94.91999817
2023-06-20,94.91999817
2023-06-21,94.91999817
2023-06-22,94.91999817
2023-06-23,94.92250061
2023-06-26,94.92250061
2023-06-27,94.92500305
2023-06-28,94.92500305
2023-06-29,94.92250061
2023-06-30,94.92500305
2023-07-03,94.88999939
2023-07-05,94.89250183
2023-07-06,94.88999939
2023-07-07,94.88749695
2023-07-10,94.88749695
2023-07-11,94.88749695
2023-07-12,94.88999939
2023-07-13,94.88749695
2023-07-14,94.88500214
2023-07-17,94.88249969
2023-07-18,94.88249969
2023-07-19,94.88249969
2023-07-20,94.88500214
2023-07-21,94.88500214
2023-07-24,94.88249969
2023-07-25,94.87999725
2023-07-26,94.87999725
2023-07-27,94.87999725
2023-07-28,94.87999725
2023-07-31,94.87999725
2023-08-01,94.66999817
2023-08-02,94.66999817
2023-08-03,94.66999817
2023-08-04,94.67250061
2023-08-07,94.67250061
2023-08-08,94.66999817
2023-08-09,94.66999817
2023-08-10,94.67250061
2023-08-11,94.66999817
2023-08-14,94.66999817
2023-08-15,94.66999817
2023-08-16,94.66999817
2023-08-17,94.66999817
2023-08-18,94.67250061
2023-08-21,94.66999817
2023-08-22,94.66999817
2023-08-23,94.66999817
2023-08-24,94.67250061
2023-08-25,94.66999817
2023-08-28,94.66999817
2023-08-29,94.66999817
2023-08-30,94.66999817
2023-08-31,94.66999817
2023-09-01,94.66500092
2023-09-05,94.66249847
2023-09-06,94.66249847
2023-09-07,94.66249847
2023-09-08,94.66249847
2023-09-11,94.66249847
2023-09-12,94.66249847
2023-09-13,94.66500092
2023-09-14,94.66500092
2023-09-15,94.66750336
2023-09-18,94.66750336
2023-09-19,94.66750336
2023-09-20,94.67250061
2023-09-21,94.66999817
2023-09-22,94.66999817
2023-09-25,94.66999817
2023-09-26,94.66999817
2023-09-27,94.66999817
2023-09-28,94.66999817
2023-09-29,94.66999817
2023-10-02,94.67250061
2023-10-03,94.66999817
2023-10-04,94.67250061
2023-10-05,94.66999817
2023-10-06,94.66999817
2023-10-09,94.66999817
2023-10-10,94.67250061
2023-10-11,94.66999817
2023-10-12,94.67250061
2023-10-13,94.66999817
2023-10-16,94.66999817
2023-10-17,94.67250061
2023-10-18,94.66999817
2023-10-19,94.66999817
2023-10-20,94.66999817
2023-10-23,94.66999817
2023-10-24,94.66999817
2023-10-25,94.66999817
2023-10-26,94.66999817
2023-10-27,94.66999817
2023-10-30,94.66999817
2023-10-31,94.67250061
2023-11-01,94.67250061
2023-11-02,94.66999817
2023-11-03,94.66999817
2023-11-06,94.67250061
2023-11-07,94.66999817
2023-11-08,94.67250061
2023-11-09,94.66999817
2023-11-10,94.66999817
2023-11-13,94.66999817
2023-11-14,94.66999817
2023-11-15,94.67250061
2023-11-16,94.66999817
2023-11-17,94.67250061
2023-11-20,94.66999817
2023-11-21,94.66999817
2023-11-22,94.66999817
2023-11-23,94.66999817
2023-11-24,94.67250061
2023-11-27,94.66999817
2023-11-28,94.66999817
2023-11-29,94.66999817
2023-11-30,94.66999817
2023-12-01,94.66999817
2023-12-04,94.66999817
2023-12-05,94.66750336
2023-12-06,94.66999817
2023-12-07,94.66750336
2023-12-08,94.66750336
2023-12-11,94.66999817
2023-12-12,94.66750336
2023-12-13,94.66999817
2023-12-14,94.66999817
2023-12-15,94.66999817
2023-12-18,94.66999817
2023-12-19,94.66750336
2023-12-20,94.66750336
2023-12-21,94.66999817
2023-12-22,94.67250061
2023-12-26,94.66999817
2023-12-27,94.66999817
2023-12-28,94.66999817
2023-12-29,94.66999817
2024-01-02,94.66999817
2024-01-03,94.67250061
2024-01-04,94.66999817
2024-01-05,94.66999817
2024-01-08,94.67250061
2024-01-09,94.67250061
2024-01-10,94.66999817
2024-01-11,94.66999817
2024-01-12,94.67250061
2024-01-16,94.67250061
2024-01-17,94.67250061
2024-01-18,94.67250061
2024-01-19,94.66999817
2024-01-22,94.66999817
2024-01-23,94.66999817
2024-01-24,94.66999817
2024-01-25,94.66999817
2024-01-26,94.67250061
2024-01-29,94.66999817
2024-01-30,94.66999817
2024-01-31,94.66999817
2024-02-01,94.68000031
2024-02-02,94.68000031
2024-02-05,94.67749786
2024-02-06,94.67749786
2024-02-07,94.67749786
2024-02-08,94.67749786
2024-02-09,94.67500305
2024-02-12,94.67500305
2024-02-13,94.67250061
2024-02-14,94.66999817
2024-02-15,94.66999817
2024-02-16,94.66999817
2024-02-20,94.66999817
2024-02-21,94.66999817
2024-02-22,94.66999817
2024-02-23,94.67250061
2024-02-26,94.66999817
2024-02-27,94.66999817
2024-02-28,94.66999817
2024-02-29,94.66999817
2024-03-01,94.67250061
2024-03-04,94.67250061
2024-03-05,94.67250061
2024-03-06,94.67500305
2024-03-07,94.67250061
2024-03-08,94.67500305
2024-03-11,94.67250061
2024-03-12,94.66999817
2024-03-13,94.66999817
2024-03-14,94.66999817
2024-03-15,94.66999817
2024-03-18,94.66999817
2024-03-19,94.66999817
2024-03-20,94.66999817
2024-03-21,94.66999817
2024-03-22,94.67250061
2024-03-25,94.66999817
2024-03-26,94.66999817
2024-03-27,94.66750336
2024-03-28,94.66750336
2024-04-01,94.66999817
2024-04-02,94.67250061
2024-04-03,94.66999817
2024-04-04,94.67500305
2024-04-05,94.67250061
2024-04-08,94.67250061
2024-04-09,94.66999817
2024-04-10,94.66999817
2024-04-11,94.66999817
2024-04-12,94.67250061
2024-04-15,94.67250061
2024-04-16,94.67250061
2024-04-17,94.66999817
2024-04-18,94.66999817
2024-04-19,94.66999817
2024-04-22,94.66999817
2024-04-23,94.66999817
2024-04-24,94.66999817
2024-04-25,94.67250061
2024-04-26,94.66999817
2024-04-29,94.66999817
2024-04-30,94.66999817
2024-05-01,94.67250061
2024-05-02,94.67250061
2024-05-03,94.67250061
2024-05-06,94.67250061
2024-05-07,94.66999817
2024-05-08,94.66999817
2024-05-09,94.66999817
2024-05-10,94.66999817
2024-05-13,94.67250061
2024-05-14,94.66999817
2024-05-15,94.67250061
2024-05-16,94.67250061
2024-05-17,94.67250061
2024-05-20,94.67250061
2024-05-21,94.66999817
2024-05-22,94.66999817
2024-05-23,94.67250061
2024-05-24,94.66999817
2024-05-28,94.66999817
2024-05-29,94.66999817
2024-05-30,94.66999817
2024-05-31,94.66999817
2024-06-03,94.67250061
2024-06-04,94.67250061
2024-06-05,94.67250061
2024-06-06,94.67500305
2024-06-07,94.67250061
2024-06-10,94.66999817
2024-06-11,94.66999817
2024-06-12,94.66999817
2024-06-13,94.66999817
2024-06-14,94.66999817
2024-06-17,94.67250061
2024-06-18,94.66999817
2024-06-20,94.66999817
2024-06-21,94.66750336
2024-06-24,94.66999817
2024-06-25,94.66999817
2024-06-26,94.66750336
2024-06-27,94.66750336
2024-06-28,94.66750336
2024-07-01,94.67250061
2024-07-02,94.66999817
2024-07-03,94.66999817
2024-07-05,94.67250061
2024-07-08,94.66999817
2024-07-09,94.66999817
2024-07-10,94.67250061
2024-07-11,94.66999817
2024-07-12,94.66999817
2024-07-15,94.66999817
2024-07-16,94.66999817
2024-07-17,94.66999817
2024-07-18,94.66999817
2024-07-19,94.66999817
2024-07-22,94.66999817
2024-07-23,94.66999817
2024-07-24,94.66999817
2024-07-25,94.66999817
2024-07-26,94.66999817
2024-07-29,94.66999817
2024-07-30,94.66999817
2024-07-31,94.66999817
2024-08-01,94.68499756
2024-08-02,94.69999695
2024-08-05,94.70749664
2024-08-06,94.69000244
2024-08-07,94.6875
2024-08-08,94.68250275
2024-08-09,94.67749786
2024-08-12,94.68000031
2024-08-13,94.67749786
2024-08-14,94.67500305
2024-08-15,94.67250061
2024-08-16,94.67250061
2024-08-19,94.66999817
2024-08-20,94.67250061
2024-08-21,94.66999817
2024-08-22,94.66999817
2024-08-23,94.66999817
2024-08-26,94.66999817
2024-08-27,94.66999817
2024-08-28,94.66999817
2024-08-29,94.66999817
2024-08-30,94.66999817
2024-09-03,94.80750275
2024-09-04,94.81500244
2024-09-05,94.80999756
2024-09-06,94.79750061
2024-09-09,94.79750061
2024-09-10,94.80000305
2024-09-11,94.77999878
2024-09-12,94.79250336
2024-09-13,94.8125
2024-09-16,94.82749939
2024-09-17,94.82749939
2024-09-18,94.87000275
2024-09-19,94.87000275
2024-09-20,94.87000275
2024-09-23,94.87000275
2024-09-24,94.87249756
2024-09-25,94.87000275
2024-09-26,94.87000275
2024-09-27,94.87000275
2024-09-30,94.87000275
2024-10-01,95.17749786
2024-10-02,95.18000031
2024-10-03,95.17749786
2024-10-04,95.17749786
2024-10-07,95.17500305
2024-10-08,95.17500305
2024-10-09,95.17250061
2024-10-10,95.17250061
2024-10-11,95.17250061
2024-10-14,95.16999817
2024-10-15,95.16999817
2024-10-16,95.16999817
2024-10-17,95.16999817
2024-10-18,95.16999817
2024-10-21,95.16999817
2024-10-22,95.16999817
2024-10-23,95.16999817
2024-10-24,95.17250061
2024-10-25,95.16999817
2024-10-28,95.16999817
2024-10-29,95.16999817
2024-10-30,95.17250061
2024-10-31,95.16999817
2024-11-01,95.35749817
2024-11-04,95.35749817
2024-11-05,95.35749817
2024-11-06,95.35749817
2024-11-07,95.36499786
2024-11-08,95.36499786
2024-11-11,95.36000061
2024-11-12,95.36000061
2024-11-13,95.36250305
2024-11-14,95.36250305
2024-11-15,95.36250305
2024-11-18,95.36250305
2024-11-19,95.36000061
2024-11-20,95.36000061
2024-11-21,95.36000061
2024-11-22,95.36000061
2024-11-25,95.36000061
2024-11-26,95.36000061
2024-11-27,95.36250305
2024-11-29,95.36000061
2024-12-02,95.48249817
2024-12-03,95.49500275
2024-12-04,95.49749756
2024-12-05,95.49749756
2024-12-06,95.51000214
2024-12-09,95.50749969
2024-12-10,95.50749969
2024-12-11,95.51999664
2024-12-12,95.51999664
2024-12-13,95.51750183
2024-12-16,95.51999664
2024-12-17,95.51999664
2024-12-18,95.52749634
2024-12-19,95.52500153
2024-12-20,95.52500153
2024-12-23,95.52500153
2024-12-24,95.52249908
2024-12-26,95.52249908
2024-12-27,95.52249908
2024-12-30,95.52500153
2024-12-31,95.52500153
2025-01-02,95.67250061
2025-01-03,95.66999817
2025-01-06,95.66999817
2025-01-07,95.66999817
2025-01-08,95.67250061
2025-01-09,95.66999817
2025-01-10,95.67250061
2025-01-13,95.66999817
2025-01-14,95.66999817
2025-01-15,95.66999817
2025-01-16,95.66999817
2025-01-17,95.66999817
2025-01-21,95.66999817
2025-01-22,95.67250061
2025-01-23,95.67250061
2025-01-24,95.66999817
2025-01-27,95.66999817
2025-01-28,95.66999817
2025-01-29,95.67250061
2025-01-30,95.66999817
2025-01-31,95.67250061
2025-02-03,95.67500305
2025-02-04,95.67500305
2025-02-05,95.67250061
2025-02-06,95.66999817
2025-02-07,95.66999817
2025-02-10,95.66999817
2025-02-11,95.67250061
2025-02-12,95.67250061
2025-02-13,95.66999817
2025-02-14,95.67250061
2025-02-18,95.67250061
2025-02-19,95.67250061
2025-02-20,95.67250061
2025-02-21,95.66999817
2025-02-24,95.66999817
2025-02-25,95.66999817
2025-02-26,95.66999817
2025-02-27,95.66999817
2025-02-28,95.66999817
2025-03-03,95.67749786
2025-03-04,95.67500305
2025-03-05,95.67250061
2025-03-06,95.68000031
2025-03-07,95.66999817
2025-03-10,95.67250061
2025-03-11,95.67250061
2025-03-12,95.66999817
2025-03-13,95.66999817
2025-03-14,95.66999817
2025-03-17,95.67250061
2025-03-18,95.66999817
2025-03-19,95.66999817
2025-03-20,95.67250061
2025-03-21,95.67250061
2025-03-24,95.67250061
2025-03-25,95.66750336
2025-03-26,95.67250061
2025-03-27,95.66999817
2025-03-28,95.66999817
2025-03-31,95.66750336
2025-04-01,95.67250061
2025-04-02,95.66999817
2025-04-03,95.67749786
2025-04-04,95.68499756
2025-04-07,95.69499969
2025-04-08,95.70500183
2025-04-09,95.67749786
2025-04-10,95.6875
2025-04-11,95.68000031
2025-04-14,95.67500305
2025-04-15,95.67250061
2025-04-16,95.67250061
2025-04-17,95.66999817
2025-04-21,95.66999817
2025-04-22,95.66999817
2025-04-23,95.66999817
2025-04-24,95.66999817
2025-04-25,95.66999817
2025-04-28,95.66999817
2025-04-29,95.66999817
2025-04-30,95.66999817
2025-05-01,95.68499756
2025-05-02,95.67500305
2025-05-05,95.67250061
2025-05-06,95.67250061
2025-05-07,95.66999817
2025-05-08,95.66999817
2025-05-09,95.66999817
2025-05-12,95.67250061
2025-05-13,95.67250061
2025-05-14,95.67250061
2025-05-15,95.67250061
2025-05-16,95.66999817
2025-05-19,95.66999817
2025-05-20,95.66999817
2025-05-21,95.66999817
2025-05-22,95.66999817
2025-05-23,95.66999817
2025-05-26,
2025-05-27,95.66999817
2025-05-28,95.66999817
2025-05-29,95.66999817
2025-05-30,95.66999817
2025-06-02,95.67500305
2025-06-03,95.67500305
2025-06-04,95.67250061
2025-06-05,95.67250061
2025-06-06,95.66999817
2025-06-09,95.66999817
2025-06-10,95.66999817
2025-06-11,95.66999817
2025-06-12,95.66999817
2025-06-13,95.67250061
2025-06-16,95.66999817
2025-06-17,95.66999817
2025-06-18,95.66999817
2025-06-19,
2025-06-20,95.66999817
2025-06-23,95.66999817
2025-06-24,95.66999817
2025-06-25,95.66999817
2025-06-26,95.66999817
2025-06-27,95.66999817
2025-06-30,95.66999817
2025-07-01,95.66999817
2025-07-02,95.67250061
2025-07-03,95.66999817
2025-07-04,95.66999817
2025-07-07,95.66999817
2025-07-08,95.66999817
2025-07-09,95.66999817
2025-07-10,95.67250061
2025-07-11,95.67250061
2025-07-14,95.66999817
2025-07-15,95.66999817
2025-07-16,95.66999817
2025-07-17,95.66999817
2025-07-18,95.66999817
2025-07-21,95.66999817
2025-07-22,95.66999817
2025-07-23,95.66999817
2025-07-24,95.66999817
2025-07-25,95.66999817
2025-07-28,95.66999817
2025-07-29,95.67250061
2025-07-30,95.66750336
2025-07-31,95.66999817
2025-08-01,95.67749786
2025-08-04,95.67749786
2025-08-05,95.67250061
2025-08-06,95.67250061
2025-08-07,95.67500305
2025-08-08,95.67250061
2025-08-11,95.66999817
2025-08-12,95.66999817
2025-08-13,95.66999817
2025-08-14,95.66999817
2025-08-15,95.67250061
2025-08-18,95.66999817
2025-08-19,95.66999817
2025-08-20,95.66999817
2025-08-21,95.66999817
2025-08-22,95.66999817
2025-08-25,95.66750336
2025-08-26,95.67250061
2025-08-27,95.66999817
2025-08-28,95.66999817
2025-08-29,95.66999817
2025-09-02,95.76999664
2025-09-03,95.77500153
2025-09-04,95.77249908
2025-09-05,95.78749847
2025-09-08,95.78500366
2025-09-09,95.78500366
2025-09-10,95.78500366
2025-09-11,95.78500366
2025-09-12,95.78500366
2025-09-15,95.78250122
2025-09-16,95.77999878
2025-09-17,95.77749634
2025-09-18,95.77500153
2025-09-19,95.77749634
2025-09-22,95.77749634
2025-09-23,95.77500153
2025-09-24,95.77500153
2025-09-25,95.77500153
2025-09-26,95.77249908
2025-09-29,95.77500153
2025-09-30,95.77500153
2025-10-01,95.92250061
2025-10-02,95.91999817
2025-10-03,95.91999817
2025-10-06,95.91999817
2025-10-07,95.92250061
2025-10-08,95.91999817
2025-10-09,95.91500092
2025-10-10,95.91500092
2025-10-13,95.91500092
2025-10-14,95.91750336
2025-10-15,95.90750122
2025-10-16,95.91249847
2025-10-17,95.91249847
2025-10-20,95.91249847
2025-10-21,95.91000366
2025-10-22,95.91249847
2025-10-23,95.91000366
2025-10-24,95.91000366
2025-10-27,95.91249847
2025-10-28,95.91500092
2025-10-29,95.91000366
2025-10-30,95.91000366
2025-10-31,95.91249847
2025-11-03,96.12000275
2025-11-04,96.125
2025-11-05,96.12249756
2025-11-06,96.12750244
2025-11-07,96.12750244
2025-11-10,96.125
2025-11-11,96.12249756
2025-11-12,96.12249756
2025-11-13,96.125
2025-11-14,96.125
2025-11-17,96.12000275
2025-11-18,96.12000275
2025-11-19,96.12249756
2025-11-20,96.12000275