date,MP1,MP2,FF1,FF2,FF3,FF4,FF5,FF6,ED1,ED2,ED3,ED4,FF_PC1,ED_PC1,PC1_FF_scaled,ED_PC1_scaled
2/4/94,0.163333333,-0.05478037,0.14,0.10001,0.08,0,0,0,0.13,0.15,0.14,0.15,0.127784265,0.303498214,0.059436767,0.164435643
3/22/94,0,-0.088571429,0,-0.04,-0.04,0,0,0,-0.05,-0.05,-0.03,-0.04,-0.015307476,-0.063585765,-0.007120023,-0.034450833
4/18/94,0.150025,-0.005030357,0.06001,0.08,0.09,0.12,0,0,0.08,0.09,0.08,0.11,0.155234099,0.199207913,0.07220461,0.107931051
5/17/94,0.110714286,-0.051371429,0.05,0.05,-0.02,0.05,-0.05,0,-0.04,-0.06,-0.07,-0.07,0.042050879,-0.102872297,0.01955928,-0.055736316
7/6/94,-0.0496,0.052906667,-0.04,0,0,0,0,0,-0.015,-0.01,-0.005,-0.01,0.008080647,0.000131273,0.003758581,7.11237E-05
8/16/94,0.124,0,0.06,0.09,0,0,0,0,0.08,0.03,0.01,0.01,0.069886175,0.076786438,0.032506415,0.041602971
9/27/94,-0.09,-0.01,-0.02,-0.09,-0.05,-0.03,0,0,-0.03,-0.025,-0.01,-0.005,-0.057861427,-0.013289739,-0.026913299,-0.007200394
11/15/94,0.12,0.007272727,0.06,0.08,0.05,0.08,0.08,0.08,0.04,0.03,0.02,0.035,0.19336713,0.079933826,0.089941567,0.043308228
12/20/94,-0.225454545,-0.043501684,-0.08,-0.14,-0.05,-0.05,-0.05,-0.05,-0.07,-0.005,0.015,0.04,-0.146975977,0.018841326,-0.068363479,0.01020825
2/1/95,0.072592593,0.05,0.07,0.02,0.05,0.045,0,0,0.06,0.07,0.07,0.06,0.084089415,0.148771386,0.03911282,0.080604489
3/28/95,0,0,0,0,0,0.01,0.01,0.05,0.01,0.02,0.03,0.02,0.049944011,0.060454114,0.023230642,0.032754101
5/23/95,0,0,0,0.02,0,0,-0.01,0,-0.01,-0.02,-0.005,-0.01,0.021868623,-0.00281341,0.010171833,-0.001524309
7/6/95,-0.0868,-0.132266667,-0.07,-0.1,-0.14,-0.145,0,0,-0.2,-0.27,-0.265,-0.25,-0.161717097,-0.475312476,-0.07522007,-0.257524786
8/22/95,0.034444444,0.01,0.01,0.03,0.01,0.01,0.02,0,0.055,0.04,0.06,0.04,0.050087663,0.115623456,0.02329746,0.062644906
9/26/95,0.02,0.04,0,0.02,0.03,0.04,0.025,0,0.07,0.07,0.07,0.05,0.066985936,0.147332625,0.031157416,0.079824967
11/15/95,0.06,-0.043333333,0.03,0.02,0.03,0.02,0.04,0,0.04,0.025,0.02,0.025,0.072455953,0.072048661,0.033701705,0.039036038
12/19/95,-0.0775,-0.07,-0.03,-0.08,-0.07,-0.04,-0.09,-0.11,-0.045,-0.04,-0.04,-0.04,-0.159508546,-0.062181193,-0.074192799,-0.033689834
1/31/96,-0.03,-0.01,-0.0025,-0.03,-0.01,-0.01,-0.005,-0.035,-0.025,-0.03,-0.04,-0.04,-0.021867292,-0.049288386,-0.010171214,-0.026704498
3/26/96,0.02,-0.011,0,0.02,0.01,0,0.01,0,0.015,0.02,0.03,0.03,0.034847265,0.067861749,0.016208637,0.036767565
5/21/96,0.0155,0.009410714,0.005,-0.0025,0.01,0.02,0.02,0.02,0,0.01,0.01,0.03,0.049093782,0.045919845,0.022835172,0.024879419
7/3/96,-0.060892857,-0.002012987,-0.055,-0.04,-0.035,-0.025,-0.03,0,-0.05,-0.025,-0.015,-0.01,-0.050691117,-0.026716924,-0.023578146,-0.014475257
8/20/96,-0.028181818,0,-0.01,-0.01,0,0.01,0.01,0,-0.03,0,0.01,0.01,0.020096628,0.018211768,0.009347619,0.009867154
9/24/96,-0.13,-0.112352941,-0.025,-0.13,-0.12,-0.12,-0.07,-0.05,-0.1,-0.08,-0.09,-0.085,-0.197515786,-0.155782147,-0.091871247,-0.084402927
11/13/96,0,0,0,0,0,-0.01,0,-0.02,-0.01,-0.015,-0.02,-0.025,0.004457162,-0.016752313,0.002073176,-0.00907642
12/17/96,0,0,0,0.01,0,0.01,0,0.01,-0.015,-0.01,-0.01,0.05,0.031068207,0.029879654,0.01445087,0.016188827
2/5/97,-0.030434783,-0.01,-0.025,-0.01,-0.01,0,0,0.02,-0.02,0.005,0.01,0.03,0.012780912,0.035494192,0.005944833,0.01923079
3/25/97,0.05,0.021818182,0.015,0.05,0.04,0.05,0.03,0.04,0.04,0.06,0.06,0.055,0.112328079,0.127650213,0.052247574,0.069161016
5/20/97,-0.084545455,-0.068996865,-0.03,-0.085,-0.07,-0.08,-0.08,-0.06,-0.065,-0.0525,-0.045,-0.045,-0.151041841,-0.081776263,-0.070254649,-0.044306463
7/2/97,-0.02137931,0.008017241,-0.02,-0.01,-0.02,-0.02,0,-0.11,-0.01,-0.0025,-0.005,0,-0.059232249,0.011239639,-0.027550915,0.006089648
8/19/97,0,0,0,-0.01,0,0,0.01,0,-0.0025,0.005,0.0125,0.0125,0.018308082,0.034356201,0.008515706,0.018614225
9/30/97,-0.015,-0.006666667,-0.0035,-0.015,-0.01,-0.02,-0.02,-0.02,0,-0.005,0,0,-0.019822686,0.016744992,-0.009220199,0.009072454
11/12/97,-0.05,-0.029333333,-0.03,-0.04,-0.03,-0.02,-0.03,0,-0.0325,-0.03,-0.03,-0.0375,-0.040211698,-0.04539896,-0.018703816,-0.024597203
12/16/97,0,0,0,0,0,0,-0.02,0.01,0.005,-0.0075,0.0175,0.015,0.013945144,0.035286936,0.006486356,0.019118498
2/4/98,0.035,0.01,0.03,0.03,0.01,0.01,0.01,0.02,0.01,0.015,0.0175,0.02,0.059996917,0.051087759,0.027906587,0.0276794
3/31/98,-0.005,-0.017916667,-0.005,-0.005,-0.01,0.001,0,-0.01,0.0025,-0.0025,0.005,0,0.006283897,0.021733062,0.002922852,0.011774995
5/19/98,-0.03875,-0.019375,-0.015,-0.03,-0.02,-0.01,0,-0.02,-0.0275,-0.01,-0.01,-0.015,-0.02005071,-0.010311475,-0.009326261,-0.005586768
7/1/98,-0.005166667,-0.040538462,-0.005,-0.02,0,0.01,-0.04,-0.01,-0.025,-0.03,-0.04,-0.045,-0.009271088,-0.051997391,-0.004312295,-0.02817224
8/18/98,0.011923077,0.01,0.005,0,0.01,0.02,0,0,0.0075,0.005,0.015,0.025,0.032072652,0.046487804,0.014918071,0.02518714
9/29/98,0.055,0.066538462,0.005,0.055,0.06,0.07,0.04,0.02,0.0575,0.005,0.0125,0.015,0.123984022,0.059586201,0.057669146,0.032283865
10/15/98,-0.1646875,-0.153870192,-0.085,-0.16,-0.14,-0.14,-0.13,-0.12,-0.165,-0.165,-0.19,-0.19,-0.300571657,-0.335671602,-0.139806004,-0.181867217
11/17/98,-0.069230769,0.065897436,-0.03,-0.03,-0.04,-0.04,0,-0.04,-0.0275,-0.02,0.005,0.005,-0.054390268,0.003869279,-0.025298746,0.002096379
12/22/98,-0.017222222,0.002066667,-0.005,0,0,0.01,0.02,0,0.01,-0.0075,-0.01,0.0025,0.029814613,0.015325806,0.013867781,0.008303538
2/3/99,0.0056,0.01,0.005,-0.01,0.01,0.01,0.01,0,-0.005,0.0025,0.01,0,0.028065317,0.023975459,0.013054125,0.012989928
3/30/99,0,-0.023846154,0.005,0,-0.01,-0.02,0,-0.01,-0.0125,-0.025,-0.03,-0.0275,0.001840508,-0.029555296,0.000856082,-0.01601309
5/18/99,0,0.03,0,-0.01,0.03,0.03,0.075,0.06,0.0325,0.115,0.15,0.16,0.100171354,0.258367822,0.046593072,0.13998395
6/30/99,-0.045,-0.07,0,-0.045,-0.06,-0.07,-0.08,-0.09,-0.08,-0.1,-0.105,-0.12,-0.132609691,-0.184934341,-0.061681235,-0.100197615
8/24/99,0.0375,0.004711538,0.015,0.0375,0.01,0.025,0.025,0.005,0.01,0,-0.0025,-0.0225,0.065336685,0.009621032,0.030390293,0.005212685
10/5/99,-0.047692308,0.000934066,-0.04,-0.025,0,0.045,0.015,0.08,0.03,0.0725,0.095,0.09,0.060845631,0.168119646,0.028301353,0.091087396
11/16/99,0.053571429,0.151,0.025,0.085,0.085,0.045,0.075,0.1,0.0625,0.075,0.07,0.06,0.193671829,0.152233352,0.090083293,0.082480186
12/21/99,0.0155,-0.006518519,0.005,-0.01,-0.005,-0.005,0.02,0,0.015,0.045,0.04,0.05,0.019668308,0.0965529,0.009148393,0.05231246
2/2/00,-0.053703704,0.004277778,-0.05,-0.035,-0.015,0.005,0,-0.03,-0.02,-0.005,0.0025,0.015,-0.026931033,0.018293348,-0.012526531,0.009911355
3/21/00,-0.031,0.022733333,-0.01,-0.02,-0.005,-0.01,-0.005,-0.02,-0.005,-0.005,0.005,0,-0.010538356,0.017515047,-0.004901744,0.009489671
5/16/00,0.041333333,0.05,0.02,0.05,0.05,0.055,0.04,0.03,0.05125,0.0525,0.05,0.045,0.119666991,0.117488767,0.055661149,0.063655534
6/28/00,-0.02,-0.02,0,-0.02,-0.02,-0.015,-0.03,-0.01,-0.025,-0.03,-0.045,-0.045,-0.022818677,-0.054757071,-0.010613735,-0.029667437
8/22/00,0.017222222,-0.001845238,0.005,-0.005,0,0.105,0.005,0,-0.0025,0.015,0.02,0.02,0.064334279,0.047493537,0.029924041,0.025732047
10/3/00,0,0.01,0,0.005,0.01,0.02,0.03,0.03,0.0225,0.035,0.045,0.06,0.059948496,0.10278072,0.027884065,0.055686699
11/15/00,0,0,0,0,0.005,0.015,0,0,0.0075,0.01,0.005,0.0025,0.026571723,0.031245074,0.012359404,0.016928613
12/19/00,0.051666667,0.015,0.02,0.045,0.015,0.01,0.01,-0.015,0.035,0.0225,0.0075,-0.005,0.049497584,0.045672228,0.023022994,0.02474526
1/3/01,-0.3875,-0.175,-0.35,-0.175,-0.155,-0.17,-0.11,-0.13,-0.14,-0.135,-0.105,-0.08,-0.387781946,-0.204407876,-0.180370448,-0.110748396
1/31/01,0.03,0.072272727,0,0.03,0.045,-0.01,0.03,-0.015,0.03,-0.0125,-0.03,-0.045,0.051259618,-0.015957118,0.023842576,-0.008645583
3/20/01,0.056363636,-0.072215909,0.02,0.0275,-0.01,-0.07,-0.06,0,-0.04,-0.065,-0.085,-0.0825,-0.026115702,-0.120391004,-0.012147293,-0.065227969
4/18/01,-0.4625,-0.38984375,-0.185,-0.425,-0.46,-0.43,-0.47,-0.5,-0.48,-0.45,-0.44,-0.22,-1.019118587,-0.755883791,-0.474026391,-0.409538611
5/15/01,-0.096875,-0.12,-0.05,-0.09,-0.12,-0.125,-0.12,-0.2,-0.11,-0.1375,-0.13,-0.1575,-0.281101581,-0.249491685,-0.130749816,-0.13517485
6/27/01,0.105,0.043,0.015,0.105,0.085,0.075,0.07,0.065,0.075,0.075,0.075,0.06,0.19375323,0.159967094,0.090121155,0.086670335
8/21/01,0.02635,-0.023196552,0.0085,0.015,-0.02,-0.005,-0.055,-0.02,-0.0275,-0.09,-0.09,-0.11,-0.017651052,-0.145411921,-0.008210099,-0.078784328
9/17/01,-0.213461538,-0.078812997,-0.0925,-0.0875,0,0,0,0,0,-0.035,-0.05,-0.015,-0.040875606,-0.033781751,-0.019012621,-0.018302987
10/2/01,-0.037413793,-0.046896552,-0.035,-0.045,-0.045,-0.04,-0.09,-0.11,-0.0475,-0.07,-0.0625,-0.0575,-0.135811026,-0.099879009,-0.063170284,-0.054114549
11/6/01,-0.146875,-0.12071875,-0.1175,-0.13,-0.14,-0.145,-0.165,-0.15,-0.16,-0.1525,-0.1625,-0.165,-0.327751931,-0.298790825,-0.152448466,-0.161885175
12/11/01,-0.00775,-0.035,-0.005,0.01,-0.035,-0.03,-0.05,-0.095,-0.02,-0.06,-0.095,-0.095,-0.072808041,-0.122257225,-0.033865473,-0.066239089
1/30/02,0.02,0.02,0,0.02,0.02,0.0225,0.0225,0.03,0.025,0.02,0.0275,0.025,0.068126014,0.067752153,0.031687704,0.036708186
3/19/02,-0.03875,-0.03390625,-0.015,-0.02,-0.035,-0.04,-0.0475,-0.01,-0.06,-0.075,-0.08,-0.09,-0.051250096,-0.134587639,-0.023838146,-0.072919721
5/7/02,0,0,0,0.005,0,-0.02,-0.03,-0.045,-0.015,-0.03,-0.0525,-0.065,-0.022513973,-0.065753362,-0.010472008,-0.035625239
6/26/02,0,0.008611111,0,0,0.005,0.005,0.01,0.005,0.015,0.01,0.005,0.0025,0.028991511,0.034229511,0.013484928,0.018545584
8/13/02,0.034444444,-0.01,0.02,0.03,-0.01,-0.04,-0.035,-0.05,-0.0225,-0.075,-0.155,-0.205,-0.024583877,-0.223367775,-0.01143479,-0.121020889
9/24/02,0.02,0.00125,0.005,0.02,0.005,-0.005,0.01,0.01,-0.0025,-0.01,-0.02,-0.035,0.036486918,-0.016718732,0.016971295,-0.009058226
11/6/02,-0.203125,-0.098869048,-0.1625,-0.1325,-0.105,-0.075,-0.09,-0.13,-0.0825,-0.06,-0.065,-0.065,-0.253120488,-0.114315422,-0.117734867,-0.061936213
12/10/02,0,0.005,0,-0.005,0.005,0.005,-0.01,0,0.005,0.01,0.03,0.04,0.015871296,0.064366201,0.007382275,0.034873674
1/29/03,0.005,0.028846154,0,0.005,0.015,0.025,0.0275,0.0175,0.0325,0.04,0.055,0.05,0.057297654,0.109328474,0.026651069,0.059234279
3/18/03,0.023846154,-0.011923077,0.01,0.015,-0.005,-0.01,-0.005,0.01,0.01,-0.005,0.0025,-0.01,0.022749231,0.016686071,0.010581434,0.00904053
5/6/03,0.031,-0.025,0.025,0.015,-0.025,-0.05,-0.03,-0.055,-0.03,-0.0775,-0.11,-0.145,-0.040261173,-0.170240605,-0.018726828,-0.092236534
6/25/03,0.125,0.108684211,0.03,0.125,0.115,0.105,0.1,0.105,0.115,0.115,0.135,0.13,0.262948919,0.266663561,0.122306401,0.14447859
8/12/03,0,0,0,0,0,0,-0.01,-0.01,-0.005,-0.015,-0.05,-0.08,0.00901438,-0.061119826,0.004192892,-0.033114784
9/16/03,0,0.005,0,0,0.005,0,-0.005,-0.0025,0,-0.005,0,-0.0025,0.016806248,0.015390489,0.007817152,0.008338583
10/28/03,0,0,0,0,0,-0.01,-0.025,-0.04,-0.0225,-0.085,-0.12,-0.125,-0.015775286,-0.165640239,-0.007337617,-0.089744051
12/9/03,0,-0.005,0,0.005,-0.005,-0.005,0,0.015,-0.005,0.0025,0.05,0.075,0.022809052,0.086687978,0.010609258,0.046967635
1/28/04,0,0.020666667,0,0,0.01,0.01,0.04,0.025,0.0275,0.11,0.1875,0.245,0.055666219,0.320661733,0.025892234,0.173734855
3/16/04,0.010333333,0.004209877,0.005,0,0.005,-0.01,-0.02,-0.025,-0.025,-0.055,-0.085,-0.1,-0.003250293,-0.11896934,-0.001511821,-0.06445771
5/4/04,-0.011481481,-0.005,-0.01,-0.0075,-0.005,-0.0075,-0.0125,-0.005,-0.005,0.005,0.015,0.015,-0.000644018,0.036095731,-0.000299555,0.019556704
6/30/04,-0.01,-0.024761905,0,-0.01,-0.02,-0.015,-0.0175,-0.055,-0.04,-0.03,-0.025,-0.025,-0.034183352,-0.038851204,-0.015899829,-0.021049622
8/10/04,0.014761905,0.015555556,0.01,0.015,0.035,0.04,0.05,0.055,0.035,0.045,0.05,0.05,0.106053992,0.11003076,0.049329285,0.059614778
9/21/04,0,0,0,0,0,-0.005,0,-0.005,-0.015,-0.015,-0.02,-0.03,0.013573062,-0.021450943,0.006313288,-0.011622143
11/10/04,0,-0.009117647,0,-0.005,-0.005,-0.01,0,0,-0.005,-0.025,-0.035,-0.05,0.009591697,-0.041521062,0.004461422,-0.022496154
12/14/04,0,-0.005384615,0,0.0025,-0.005,-0.005,-0.01,-0.015,-0.0075,-0.015,-0.015,-0.02,0.003457768,-0.010288815,0.001608324,-0.00557449
2/2/05,-0.005384615,0.013162393,-0.005,0,0,0,0,-0.01,-0.005,-0.01,-0.015,-0.015,0.012141667,-0.004117843,0.005647498,-0.002231052
3/22/05,0,0.008303571,0,0,0.0075,0.01,0.015,0.035,0.03,0.07,0.095,0.105,0.048329077,0.175013084,0.022479482,0.094822268
5/3/05,0,0.005,0,0,0.005,0.01,0.01,0.01,0.01,0.025,0.0325,0.035,0.033456074,0.072428123,0.015561547,0.039241631
6/30/05,-0.0025,0.008068182,0,-0.0025,0.005,0.015,0.035,0.035,0.045,0.055,0.055,0.06,0.057127722,0.127122008,0.026572029,0.068874834
8/9/05,-0.007045455,-0.000909091,-0.005,-0.005,-0.01,-0.015,-0.015,-0.01,-0.005,-0.02,-0.025,-0.03,-0.007118432,-0.022698527,-0.003311023,-0.012298085
9/20/05,0.045,0.045,0.015,0.03,0.045,0.035,0.035,0.03,0.035,0.025,0.015,0.02,0.097360515,0.064590351,0.045285656,0.034995118
11/1/05,-0.005172414,0.003735632,-0.005,0,0,0,0.005,0.02,0.005,0.015,0.015,0.015,0.028281632,0.045009289,0.01315474,0.024386079
12/13/05,-0.008611111,-0.005,-0.005,0,-0.005,-0.005,-0.02,-0.02,-0.0025,-0.025,-0.04,-0.04,-0.005509796,-0.03786792,-0.002562792,-0.020516878
1/31/06,0.01,0.025,0,0.01,0.01,0.025,0.025,0.025,0.03,0.025,0.035,0.04,0.059626495,0.084475468,0.027734292,0.045768895
3/28/06,0.005,0.03452381,0.005,0.005,0.025,0.03,0.035,0.03,0.035,0.05,0.06,0.06,0.074009097,0.123435285,0.034424125,0.066877364
5/10/06,0,0.03,0,0.01,0.03,0.035,0.035,0.045,0.035,0.055,0.065,0.065,0.086048513,0.131371124,0.040024062,0.071177009
6/29/06,-0.015,-0.035217391,-0.005,-0.015,-0.03,-0.03,-0.04,-0.04,-0.05,-0.055,-0.055,-0.055,-0.050990001,-0.087978336,-0.023717167,-0.047666753
8/8/06,-0.047173913,-0.010652174,-0.035,-0.035,-0.035,-0.035,-0.03,-0.045,-0.035,-0.035,-0.025,-0.03,-0.068870707,-0.042037738,-0.032034086,-0.02277609
9/20/06,0,0,0,-0.005,0,0,0.005,0.0075,0.015,0.015,0.02,0.03,0.021661357,0.059875234,0.010075427,0.032440463
10/25/06,-0.005,-0.005,0.005,-0.005,-0.005,-0.005,-0.005,-0.02,-0.005,-0.005,-0.015,-0.01,0.001486587,0.001058316,0.000691462,0.000573397
12/12/06,0,-0.0025,0,0,-0.0025,-0.005,-0.015,-0.02,-0.005,-0.015,-0.05,-0.055,-0.001020513,-0.0475748,-0.000474675,-0.025776075
1/31/07,-0.005,-0.005,0,-0.005,-0.005,0,-0.005,0,0,-0.005,-0.01,-0.01,0.011683533,0.005807621,0.005434405,0.003146575
3/21/07,0,-0.014090909,0,-0.005,-0.01,-0.01,-0.04,-0.05,-0.05,-0.095,-0.115,-0.12,-0.033270036,-0.176048798,-0.015475015,-0.095383419
5/9/07,0.007045455,0.005,0.005,0,0.005,0.005,0.015,0.02,0.005,0.035,0.055,0.07,0.039399093,0.106754404,0.018325846,0.057839645
6/28/07,0,0,0,0,0,0.005,0,0.005,0.005,0.01,0.02,0.025,0.02250219,0.050719826,0.010466527,0.027480053
8/7/07,0.006458333,0.0028125,0.005,0.005,0.01,0,-0.015,-0.0075,-0.005,-0.02,-0.04,-0.04,0.01552143,-0.036395578,0.00721954,-0.019719162
8/10/07,0.014761905,-0.009642857,0.01,0.005,0,-0.005,0,0.025,0.01,-0.005,-0.005,-0.005,0.032067044,0.015255556,0.014915463,0.008265476
8/17/07,-0.022142857,0.058214286,-0.01,0.01,-0.0175,-0.025,-0.04,-0.065,-0.0575,-0.055,-0.03,-0.035,-0.046176909,-0.066328352,-0.021478436,-0.035936769
9/18/07,-0.2125,-0.155,-0.085,-0.18,-0.155,-0.155,-0.15,-0.145,-0.18,-0.185,-0.175,-0.16,-0.341915644,-0.326976021,-0.159036486,-0.177155943
10/31/07,-0.02,0.03425,0,-0.02,0.015,0.03,0.05,0.075,0.015,0.06,0.085,0.09,0.085764899,0.150463526,0.039892144,0.081521292
12/11/07,0.031,0.025,0.02,0.045,0.025,0.035,0.025,0.0125,0.185,0.125,0.02,-0.055,0.083775924,0.13574678,0.038967005,0.073547744
1/22/08,-0.465,-0.225,-0.135,-0.225,-0.16,-0.11,-0.115,-0.115,-0.13,-0.095,-0.05,-0.02,-0.326430067,-0.11782685,-0.151833622,-0.063838708
1/30/08,-0.11,-0.098076923,0.0025,-0.11,-0.105,-0.125,-0.155,-0.135,-0.145,-0.13,-0.11,-0.085,-0.254951714,-0.209399032,-0.118586632,-0.11345261
3/11/08,0.08525,0.013115385,0.055,0.045,0.095,0.0975,0.115,0.13,0.035,0.085,0.105,0.12,0.242868622,0.198050547,0.112966379,0.107303989
3/18/08,0.107307692,0.08,0.045,0.125,0.08,0.08,0.08,0.065,0.05,0.02,0.01,0.005,0.213817265,0.057205376,0.099453614,0.030993931
4/30/08,-0.06,-0.065,0,-0.06,-0.065,-0.065,-0.0725,-0.075,-0.06,-0.08,-0.08,-0.05,-0.128484449,-0.115382752,-0.059762446,-0.062514493
6/25/08,-0.01,-0.039807692,0,-0.01,-0.035,-0.045,-0.06,-0.035,-0.065,-0.05,-0.045,-0.06,-0.0626469,-0.088669701,-0.029139184,-0.048041335
8/5/08,-0.005961538,-0.014615385,-0.005,-0.01,-0.0225,-0.025,-0.035,-0.055,-0.025,-0.035,-0.03,-0.04,-0.048415313,-0.046236179,-0.022519593,-0.025050809
9/16/08,0.1125,0.13,0.0525,0.105,0.13,0.1275,0.115,0.11,0.14,0.1,0.09,0.09,0.285207608,0.222701059,0.132659667,0.120659662
10/8/08,-0.131413043,-0.025,-0.0975,-0.025,-0.03,-0.02,-0.01,-0.02,0.02,-0.02,-0.015,-0.01,-0.051420775,0.003604978,-0.023917535,0.001953181
10/29/08,-0.05,-0.060333333,0,-0.05,-0.055,-0.065,-0.03,-0.04,0,-0.04,-0.075,-0.085,-0.085287879,-0.087973378,-0.039670266,-0.047664066
12/16/08,-0.149833333,-0.17,-0.0725,-0.185,-0.17,-0.185,-0.185,-0.17,-0.26,-0.26,-0.265,-0.27,-0.386970446,-0.505089686,-0.179992992,-0.273658109
1/28/09,0.005,-0.006923077,0,0.005,0,0,0.005,0,0,-0.01,-0.015,-0.015,0.022274307,-0.002128218,0.010360531,-0.001153071
3/18/09,0,-0.005,0,-0.0075,-0.005,-0.015,-0.015,-0.025,-0.05,-0.06,-0.07,-0.07,-0.011758768,-0.106851547,-0.005469399,-0.057892277
4/29/09,0,0,-0.0025,0,0.005,0,0,0.005,0,0.01,0.015,0.035,0.021858394,0.051388531,0.010167076,0.027842358
6/24/09,0,0.008157895,0,0,0.005,0.01,0.005,0.01,0.01,0.035,0.05,0.07,0.031270119,0.105984348,0.014544786,0.057422428
8/12/09,0,0,0,0,0,-0.005,-0.015,-0.01,0,-0.02,-0.045,-0.03,0.004689529,-0.031747624,0.002181258,-0.017200895
9/23/09,-0.01,-0.015769231,0,-0.01,-0.015,-0.02,-0.02,-0.035,-0.05,-0.1,-0.125,-0.135,-0.02599514,-0.192162329,-0.012091216,-0.104113746
11/4/09,-0.005769231,-0.009346154,-0.005,-0.0075,-0.01,-0.01,-0.015,-0.02,-0.015,-0.015,-0.035,-0.04,-0.010656238,-0.035147994,-0.004956575,-0.019043219
12/16/09,-0.025833333,0,-0.0125,-0.015,0,-0.0025,-0.01,0.0025,-0.005,-0.005,0,0.015,0.004495367,0.022882382,0.002090947,0.012397698
1/27/10,-0.005,0.005333333,0,-0.005,0,0,0,0.005,-0.005,0.015,0.04,0.065,0.018312568,0.081918492,0.008517792,0.044383523
3/16/10,-0.010333333,-0.01,-0.005,-0.0075,-0.01,-0.01,-0.01,-0.02,-0.015,-0.04,-0.05,-0.06,-0.008470283,-0.066598825,-0.003939814,-0.036083312
4/28/10,0,-0.01,-0.0025,0,-0.005,-0.01,-0.015,-0.02,-0.01,-0.01,-0.015,-0.01,-0.004840425,-0.003398463,-0.002251445,-0.001841291
5/9/10,0,-0.005,0,0,-0.005,-0.01,-0.01,-0.005,-0.02,-0.025,-0.015,-0.015,0.004944846,-0.01748818,0.002300015,-0.009475114
6/23/10,0.005,-0.002380952,0,0.005,0,0,0,0,0.005,-0.005,0.005,0.005,0.020088353,0.024203302,0.00934377,0.013113374
8/10/10,0.003690476,-0.008611111,0.0025,0,0.005,0,0,-0.005,-0.01,-0.02,-0.035,-0.04,0.01845168,-0.035625523,0.008582498,-0.019301945
9/21/10,0,0.005555556,0,0,0.005,0.005,0,0,0,-0.01,-0.015,-0.015,0.022293932,-0.002128218,0.010369659,-0.001153071
11/3/10,0.008333333,0.020490196,0.0075,0.015,0.005,0.01,0.01,0.005,0.005,-0.01,0,-0.005,0.03914952,0.013558457,0.018209761,0.007345986
12/14/10,0.004558824,0.005,0.0025,0.005,0.005,0.005,0,0,0.005,0,0,-0.005,0.02496697,0.018492766,0.011612979,0.010019399
1/26/11,-0.005,-0.005,0,-0.005,-0.005,0,-0.005,-0.005,-0.005,-0.005,-0.01,-0.02,0.009357865,-0.001600014,0.004352658,-0.000866889
3/15/11,-0.00484375,0,-0.0025,0,0,0,0.005,0,0,0,0.005,0.02,0.01960127,0.032807847,0.009117211,0.017775325
4/27/11,-0.005,-0.005,0,-0.005,-0.005,-0.005,0,-0.005,-0.015,-0.02,-0.025,-0.03,0.009404924,-0.026677777,0.004374547,-0.014454047
6/22/11,-0.009375,0.003835227,-0.0025,-0.005,0,0,-0.0025,0,-0.005,-0.005,0,0.01,0.014271611,0.020173377,0.006638207,0.010929956
8/9/11,-0.007045455,-0.000227273,-0.005,-0.005,-0.005,0,0,0,0.025,0,-0.04,-0.085,0.012624866,-0.038970259,0.00587225,-0.021114126
9/21/11,0.008333333,0.020833333,0.0025,0.015,0.02,0.015,0.015,0.015,0.055,0.08,0.11,0.095,0.053233317,0.192756547,0.024760609,0.104435694
11/2/11,0,0.008611111,0,0.005,0.005,0.005,0.005,0.005,0.005,0.0175,0.015,0.015,0.028856282,0.046242866,0.013422029,0.025054432
12/13/11,0.004305556,-0.005,0.0025,0,-0.005,0,0,0.005,0.0025,0.01,0.01,0.01,0.018868195,0.036078637,0.008776233,0.019547443
1/25/12,-0.005,0.003611111,-0.0025,-0.005,0,0,0,-0.005,-0.0025,-0.015,-0.015,-0.015,0.01303892,-0.005590185,0.006064841,-0.003028768
3/13/12,0,0,0,-0.005,0,0,0,0,0.0025,0.01,0.015,0.025,0.015986899,0.046965333,0.007436046,0.025445865
4/25/12,-0.005,-0.005,-0.0025,-0.005,-0.005,0,0,-0.005,0,-0.01,-0.01,-0.01,0.010921509,0.003340467,0.005079962,0.001809868
6/20/12,0.015,0.004666667,0.005,0.01,0.005,0.01,0.01,0.01,0.015,0.015,0.015,0.005,0.03880215,0.043570528,0.018048187,0.023606557
8/1/12,0.0155,0.014617647,0.015,0.015,0.005,0.005,0.005,0.01,0.01,0.01,0.015,0.015,0.039017271,0.04453176,0.018148247,0.024127353
9/13/12,0.013235294,0.005,0.0075,0.01,0.005,0.01,0.005,0.015,0.005,0.0025,0,-0.005,0.039564175,0.019726343,0.018402631,0.010687753
10/24/12,0,-0.008157895,0,0,-0.005,0,0.005,0,0,0,-0.0025,0,0.01810617,0.017832306,0.00842179,0.009661562
12/12/12,0.004078947,0,0.0025,0.005,0,0,-0.005,-0.005,-0.0025,-0.005,-0.005,-0.005,0.016199041,0.010281494,0.00753472,0.005570524
1/30/13,0.005,-0.009090909,0,0.005,0,0.005,0,0.005,0,0,-0.005,-0.005,0.024552917,0.01374346,0.011420389,0.007446221
3/20/13,0,0.005166667,0,0.005,0.005,0.005,0,0,0,0,0.005,0,0.024344659,0.021971826,0.011323521,0.011904358
5/1/13,0,0,0,0,0,-0.005,0,0,-0.005,-0.005,-0.005,0,0.015898731,0.011995687,0.007395035,0.006499275
6/19/13,0,0.005,0,0.003,0.005,0.005,0,0.005,0.01,0.01,0.02,0.03,0.025850037,0.055418455,0.012023723,0.030025776
7/31/13,0,0,0,0,0,0,0,-0.005,0,0,-0.005,-0.01,0.015711958,0.011034455,0.007308161,0.005978479
9/18/13,0,-0.005,0,0,-0.005,0,-0.005,-0.01,-0.015,-0.025,-0.02,-0.04,0.009082923,-0.031803261,0.004224774,-0.017231039
10/30/13,0,0,0,0,0,0,-0.005,0,0,0,0.005,0.005,0.015851671,0.024680831,0.007373146,0.0133721
12/18/13,0.005961538,0.005,0.0025,0.005,0.005,0,0,0,0.01,0.005,-0.005,-0.015,0.022828075,0.014771854,0.010618107,0.008003406
1/29/14,0,0,-0.0025,0,0,0,0,0.005,0,0.01,0,-0.005,0.019740983,0.021437449,0.009182196,0.011614832
3/19/14,0,0,0,0,0,0.005,0.005,0.005,0.02,0.01,0.03,0.06,0.024688145,0.081171096,0.011483288,0.043978583
4/30/14,0,0,-0.0025,0,0,0,0.005,0,0.01,0,0,0.005,0.01960127,0.025900401,0.009117211,0.014032863
6/18/14,0,-0.005,0,0,-0.005,-0.005,0,0,-0.02,0,0,0,0.01378132,0.011253647,0.006410156,0.006097237
7/30/14,0,0,0,0,0,0,-0.005,0,0,0,-0.02,-0.01,0.015851671,0.002755415,0.007373146,0.001492886
9/17/14,0,0,0,-0.005,0,0,0,0.005,0,0.015,0.035,0.045,0.018312568,0.070312416,0.008517792,0.038095339
10/29/14,0,0.011071429,0,0,0.005,0.005,0.01,0.01,0,-0.015,0.035,0.055,0.031317179,0.060927502,0.014566675,0.033010583
12/17/14,0,0,0,0,0,-0.005,0,0,-0.01,-0.01,-0.01,0,0.015898731,0.004779228,0.007395035,0.00258939
1/28/15,0,0,0,0,0,0,0,-0.005,-0.005,-0.005,-0.01,-0.015,0.015711958,0.001108991,0.007308161,0.000600852
3/18/15,-0.005961538,-0.015,-0.0025,-0.01,-0.015,-0.025,-0.04,-0.06,-0.05,-0.09,-0.125,-0.155,-0.049128508,-0.198064041,-0.022851324,-0.1073113
4/29/15,-0.005,-0.005,0,-0.005,-0.005,-0.005,-0.005,0,0.01,0,0,0,0.009544638,0.023191395,0.004439533,0.012565122
6/17/15,-0.011538462,-0.015,-0.005,-0.005,-0.015,-0.025,-0.045,-0.045,-0.045,-0.065,-0.08,-0.09,-0.042909042,-0.123684457,-0.019958441,-0.067012365
7/29/15,-0.005,-0.005,-0.0025,-0.005,-0.005,-0.005,-0.01,-0.01,-0.005,-0.005,-0.01,-0.015,0.002085035,0.001108991,0.00096982,0.000600852
9/17/15,-0.063461538,-0.055,-0.0275,-0.05,-0.055,-0.065,-0.06,-0.07,-0.07,-0.08,-0.085,-0.09,-0.119203041,-0.143793723,-0.055445351,-0.077907586
10/28/15,-0.005,0.026,0,-0.005,0.01,0.02,0.025,0.03,0.02,0.03,0.045,0.055,0.053661088,0.096609748,0.02495958,0.05234326
12/16/15,0.031,0.015,0.015,0.02,0.015,0.015,0.02,0.015,0.015,0.025,0.03,0.03,0.058464144,0.070328903,0.027193643,0.038104272
1/27/16,-0.005,-0.015333333,-0.0025,-0.005,-0.01,-0.015,-0.02,-0.02,-0.02,-0.025,-0.035,-0.035,-0.013333413,-0.039362922,-0.00620182,-0.021326871
3/16/16,-0.0155,-0.06,-0.0075,-0.025,-0.06,-0.065,-0.065,-0.085,-0.075,-0.11,-0.13,-0.14,-0.11525129,-0.212513446,-0.053607258,-0.115140002
4/27/16,-0.005,0.015,0,-0.005,0.005,0.01,0.01,0.015,0.005,0.01,0.01,0.015,0.033731016,0.039782455,0.015689432,0.021554175
6/15/16,0,-0.03,0,-0.01,-0.03,-0.03,-0.035,-0.035,-0.035,-0.045,-0.045,-0.045,-0.043183029,-0.066137783,-0.020085881,-0.035833518
7/27/16,-0.01,0.006666667,-0.005,-0.01,-0.005,0.005,-0.005,0.0025,0.005,0.005,0.005,0.005,0.011689914,0.02913761,0.005437373,0.015786787
9/21/16,-0.05,-0.033928571,-0.015,-0.045,-0.035,-0.02,-0.015,-0.015,-0.02,-0.025,-0.03,-0.035,-0.04106511,-0.036603241,-0.019100766,-0.019831674
11/2/16,-0.005357143,0.004411765,-0.005,0,0,0,0.005,0,0.005,0.005,0.005,0.005,0.018978958,0.02913761,0.008827753,0.015786787
12/14/16,-0.004558824,0.005354031,-0.0025,-0.005,0.005,0.015,0.02,0.0275,0,0.03,0.07,0.12,0.045433681,0.137666717,0.021132736,0.074587968
2/1/17,-0.005185185,-0.024201389,-0.005,-0.015,-0.025,-0.02,-0.02,-0.0225,-0.015,-0.015,-0.025,-0.025,-0.02771114,-0.021501618,-0.012889385,-0.011649599
3/15/17,0.00484375,-0.000518973,0.0025,0.005,0,-0.025,-0.035,-0.04,-0.0425,-0.055,-0.07,-0.0825,-0.023890844,-0.108172468,-0.011112436,-0.058607954
5/3/17,-0.002767857,0.011796875,-0.0025,0.005,0.015,0.005,0.01,0.015,0.015,0.015,0.015,0.015,0.039306085,0.048988539,0.018282585,0.02654204
6/14/17,0.01875,0.01,0.01,0.02,0.01,0.01,0.02,0.025,0.01,0.015,0.035,0.04,0.057614552,0.071582661,0.026798469,0.038783559
7/26/17,-0.005,-0.005,-0.0025,-0.005,-0.005,-0.01,-0.015,-0.01,-0.005,-0.015,-0.0175,-0.015,-0.002239815,-0.007964837,-0.001041813,-0.004315357
9/20/17,-0.0075,-0.004913793,-0.0025,-0.005,-0.005,0.02,0.04,0.035,0.04,0.05,0.065,0.07,0.055570076,0.1336026,0.025847515,0.072386025
11/1/17,-0.002586207,0.001867816,-0.0025,0,-0.005,-0.005,0,0,0,0.005,0,0.005,0.013159008,0.024388305,0.006120698,0.013213609
12/13/17,0.004305556,0.005,0.0025,0,0.005,-0.005,-0.01,-0.01,-0.005,-0.015,-0.02,-0.025,0.009615206,-0.014762688,0.004472356,-0.007998439
1/31/18,-0.0075,0.01575,0.0025,-0.0075,0,0,0.005,0.01,0,0,0.005,0.005,0.022421139,0.024680831,0.010428827,0.0133721
3/21/18,0,-0.005344828,0,0,-0.005,-0.005,-0.01,-0.015,-0.02,-0.025,-0.025,-0.02,0.002432405,-0.025716546,0.001131393,-0.013933251
5/2/18,-0.002672414,0.002043611,-0.0025,0,-0.005,-0.005,-0.005,-0.005,-0.005,-0.01,-0.01,-0.01,0.008647385,0.001350842,0.00402219,0.000731888
6/13/18,-0.004411765,-0.010186275,-0.0025,-0.005,-0.01,-0.01,0.01,-0.005,-0.0025,0.01,0.025,0.035,0.008898216,0.055913079,0.00413886,0.030293763
8/1/18,-0.002583333,0,-0.0025,-0.005,0,0,-0.005,0,0,-0.005,-0.005,-0.005,0.013178633,0.011276306,0.006129826,0.006109514
9/26/18,0.01,0.01,0,0.01,0.01,0.005,0.01,0,0.005,-0.005,-0.005,-0.01,0.032884706,0.010556926,0.015295785,0.005719753
11/8/18,0.006818182,-0.010795455,0.005,0,0,0,0,0.005,0.005,0.0075,0.01,0.01,0.021607917,0.035839873,0.01005057,0.01941808
12/19/18,0.025833333,0.02,0.01,0.025,0.02,0.02,0.025,0.02,0.02,0.0225,0,-0.02,0.068038178,0.027436818,0.031646849,0.014865296
1/30/19,0,0,-0.0025,0,0,-0.005,-0.015,-0.02,-0.01,-0.035,-0.05,-0.065,-0.000584119,-0.064851051,-0.000271693,-0.035136366
3/20/19,0,0,0,0.005,0,0,0.005,0.005,0,-0.015,-0.04,-0.06,0.024599976,-0.04277482,0.011442278,-0.023175441
5/1/19,-0.025833333,0.017348485,-0.025,-0.01,0.01,0.01,0.015,0.03,0,0.04,0.055,0.06,0.036737549,0.101813923,0.017087872,0.055162888
6/19/19,0.054545455,-0.0775,0.02,0.05,-0.0775,-0.085,-0.095,-0.12,-0.11,-0.15,-0.18,-0.175,-0.123006894,-0.292737891,-0.057214651,-0.158605689
7/31/19,0.04,0.065,0,0.04,0.05,0.065,0.065,0.08,0.05,0.085,0.085,0.085,0.149051298,0.174017665,0.06932878,0.094282949
9/18/19,0.046875,0.04,0.01875,0.03,0.04,0.04,0.03,0.035,0.07,0.065,0.075,0.075,0.09845518,0.161170177,0.045794821,0.087322167
10/4/19,0,0,0,0,0.005,0.005,0.01,0.005,0.005,0.005,0.01,0.005,0.028991511,0.03189729,0.013484928,0.017281985
10/30/19,-0.0125,0.006875,0.0025,-0.0125,0,0.01,0.005,0.005,0.01,0,-0.005,-0.015,0.022322534,0.0123047,0.010382963,0.006666699
12/11/19,0,0,0,-0.005,0,-0.005,-0.005,-0.005,0.0025,-0.005,-0.01,-0.02,0.009336381,0.001384423,0.004342665,0.000750082
1/29/20,0.01,-0.005,0.0025,0.01,0.01,0.005,-0.005,-0.01,0,-0.01,-0.02,-0.02,0.022297816,-0.007596904,0.010371466,-0.00411601
3/3/20,-0.296160714,-0.18,-0.2675,-0.235,-0.18,-0.1475,-0.15,-0.12,-0.18,-0.125,-0.12,-0.12,-0.405652725,-0.245341649,-0.18868275,-0.132926356
3/15/20,-0.18890625,-0.04,-0.0975,-0.065,-0.04,-0.045,-0.04,-0.04,-0.16375,-0.08,-0.1,-0.11,-0.10517429,-0.20021425,-0.048920106,-0.108476286
3/19/20,0.012916667,0.01,0.005,0.01,0.01,0.0025,0.005,0,-0.06,-0.05,-0.035,-0.025,0.030873926,-0.06219768,0.014360503,-0.033698767
3/23/20,-0.0096875,-0.01,-0.0025,-0.01,-0.01,-0.005,-0.005,0,-0.045,-0.0375,-0.04,-0.035,0.004754189,-0.058238611,0.002211333,-0.031553739
3/31/20,-0.0025,0,0,-0.0025,0,0.005,-0.005,0.005,-0.02,-0.005,-0.005,-0.01,0.019290872,0.000608802,0.008972834,0.00032985
4/29/20,-0.0275,-0.02375,-0.0025,-0.0275,-0.025,-0.02,-0.01,-0.015,0.005,-0.005,-0.01,0,-0.024355234,0.013215256,-0.01132844,0.007160039
6/10/20,0,0,0,0,0,0.005,0,0.005,-0.0025,-0.005,-0.005,-0.005,0.02250219,0.010281494,0.010466527,0.005570524
7/29/20,0.005,0.005,0,0.005,0.005,0,0.005,0.005,0,-0.015,-0.005,-0.005,0.026717387,0.006341998,0.012427157,0.003436101
8/27/20,0,0,0,0,-0.005,0,-0.005,0,0,-0.005,0,0,0.01373426,0.016744992,0.006388267,0.009072454
9/16/20,0,0,0,0,0,-0.005,0,0,0,0,0,0,0.015898731,0.019212146,0.007395035,0.01040916
11/5/20,0,0,0,0,-0.005,0,0,0,0,0,0.005,0,0.015920215,0.021971826,0.007405028,0.011904358
12/16/20,0,0,0,0,0,0,0,0.005,-0.005,-0.005,0,0,0.020363295,0.014755367,0.009471654,0.007994473
1/27/21,0,0.011071429,0,0,0.005,0,0.005,0,0.005,0,0,0.005,0.022340992,0.023910776,0.010391548,0.012954883
3/17/21,-0.011071429,-0.01,-0.005,-0.01,-0.01,-0.01,-0.01,-0.01,-0.01,-0.01,-0.015,-0.01,-0.004844309,-0.003398463,-0.002253251,-0.001841291
4/28/21,-0.01,-0.004642857,0,-0.01,-0.0075,-0.01,-0.005,-0.005,-0.005,-0.0025,-0.005,-0.01,0.001970642,0.007811254,0.000916612,0.004232145
6/16/21,0.026785714,0.0125,0.0125,0.02,0.0125,0.005,0.01,0.01,0.01,0.015,0.015,0.03,0.045807758,0.055125929,0.021306732,0.029867285
7/28/21,-0.005,0.01375,0,-0.005,0,-0.005,-0.005,0,-0.005,-0.005,0,0,0.011662049,0.014755367,0.005424412,0.007994473
9/22/21,0,0,0,0,0,0,0.005,0,0.005,0.005,0.015,0.025,0.020223581,0.045492991,0.009406669,0.024648149
11/3/21,0,-0.0096875,0,-0.005,-0.005,0,0,0,-0.0025,0.005,0.01,0,0.013869488,0.026203848,0.006451166,0.014197272
12/15/21,-0.00484375,-0.01,-0.0025,-0.005,-0.01,0.01,0.025,0.025,0.02,0.04,0.035,0.03,0.037965673,0.08247967,0.017659114,0.04468757
1/26/22,-0.005,0.046666667,-0.0025,-0.005,0.02,0.045,0.07,0.075,0.08,0.11,0.125,0.14,0.108572684,0.250167682,0.050500814,0.135541106
3/16/22,-0.020666667,-0.031382716,-0.01,-0.015,-0.03,-0.02,-0.005,0.02,0.02,0.05,0.065,0.06,-0.004747128,0.120226091,-0.002208049,0.065138619
5/4/22,-0.017222222,-0.072777778,-0.015,-0.045,-0.075,-0.11,-0.1225,-0.14,-0.095,-0.15,-0.17,-0.18,-0.201644255,-0.283958661,-0.093791537,-0.153849093
6/15/22,0.04,-0.045,0.02,0.03,-0.045,-0.055,-0.085,-0.105,-0.12,-0.19,-0.155,-0.16,-0.093264342,-0.294528956,-0.043380388,-0.15957609
7/27/22,-0.015,-0.048333333,0,-0.015,-0.025,-0.045,-0.065,-0.0775,-0.055,-0.1,-0.125,-0.105,-0.082416941,-0.177897923,-0.038334896,-0.096385276
9/21/22,-0.025,-0.030357143,-0.0075,-0.03,-0.03,0.01,0.035,0.065,0.06,0.085,0.105,0.095,0.04097503,0.194453646,0.019058867,0.105355184
11/2/22,-0.002678571,-0.016029412,-0.0025,-0.01,-0.015,0.015,0.03,0.06,0,0.06,0.105,0.13,0.054402064,0.177205413,0.025304233,0.096010074
12/14/22,-0.002279412,8.44E-05,-0.00125,0.0025,0,0.005,0.03,0.06,0,0.045,0.07,0.075,0.061914479,0.120687133,0.02879851,0.065388412
2/1/23,-0.007777778,-0.015432099,-0.0075,-0.01,-0.01,-0.025,-0.03,-0.035,-0.04,-0.065,-0.115,-0.155,-0.032255468,-0.17622966,-0.015003105,-0.09548141
3/22/23,0.034444444,0.007380952,0.01,0.035,0.01,-0.0075,-0.015,-0.0375,-0.04,-0.09,-0.135,-0.205,0.011908059,-0.226694203,0.005538839,-0.122823151
5/3/23,0.011071429,0.0278125,0.01,0.02,0.01,0.01,0.005,-0.005,0.005,-0.015,-0.035,-0.055,0.037102677,-0.03531651,0.017257705,-0.019134521
6/14/23,-0.0140625,0,-0.0075,-0.015,0,0.01,0.02,0.07,-0.01,0.05,0.125,0.16,0.055599481,0.195584608,0.025861192,0.10596794
7/26/23,0.005,-0.0025,0.0025,0.005,0.0025,0.005,-0.02,-0.03,-0.015,-0.035,-0.05,-0.065,0.001210435,-0.066840676,0.000563014,-0.036214347
9/20/23,0,0.005172414,0,0,0.005,0.02,0.025,0.035,0.03,0.07,0.1,0.125,0.055920072,0.188608785,0.026010309,0.102188433
11/1/23,-0.002586207,-0.032576628,-0.0025,-0.02,-0.03,-0.04,-0.04,-0.045,-0.035,-0.055,-0.075,-0.09,-0.059021876,-0.112011219,-0.027453063,-0.060687793
12/13/23,-0.004305556,-0.025,-0.0025,0,-0.025,-0.05,-0.095,-0.155,-0.0125,-0.135,-0.22,-0.255,-0.128189557,-0.311960269,-0.059625282,-0.169020393
1/31/24,0.0025,0.058863636,0,0.0025,0.0225,0.05,0.05,0.045,0.045,0.035,0.03,0.025,0.092770857,0.084491955,0.043150851,0.045777828
3/20/24,-0.007045455,-0.010098485,-0.0025,-0.005,-0.01,-0.025,-0.035,-0.05,-0.045,-0.075,-0.08,-0.075,-0.038123079,-0.120491749,-0.017732328,-0.065282553
5/1/24,0,-0.008333333,0,-0.005,-0.005,-0.005,-0.015,-0.025,-0.01,-0.03,-0.055,-0.0725,-0.006455614,-0.069207085,-0.003002723,-0.03749647
6/12/24,0,0.015,0,0.005,0.015,0.025,0.03,0.04,0.0075,0.03,0.06,0.07,0.068856139,0.108041742,0.03202731,0.058537127
7/31/24,0,-0.025,0,0,-0.01,-0.025,-0.035,-0.045,-0.02,-0.06,-0.075,-0.095,-0.033124372,-0.111218503,-0.015407262,-0.060258299
9/18/24,-0.11875,-0.087771739,-0.0475,-0.11,-0.095,-0.09,-0.075,-0.065,-0.08,-0.07,-0.045,-0.04,-0.180656213,-0.093671171,-0.084029291,-0.050751137
11/7/24,0,0,0,0,-0.01,0.01,0.015,0.01,0.005,0.015,0.02,0.015,0.029289796,0.047768969,0.013623671,0.025881276
12/18/24,-0.011923077,0.02,-0.005,-0.01,0.02,0.03,0.045,0.07,0.06,0.115,0.15,0.17,0.086227518,0.274728769,0.040107324,0.148848328
1/29/25,0.005,0.017916667,0,0.005,0.01,0.025,0.015,0.02,0.015,0.01,0.005,-0.005,0.05087819,0.030166004,0.02366516,0.016343972
3/19/25,0,-0.012916667,0,0.005,-0.01,-0.015,-0.03,-0.04,-0.035,-0.075,-0.105,-0.125,-0.022284232,-0.157400952,-0.010365147,-0.085279997
5/7/25,0,0.00625,0,0.0025,0.01,0.01,0.005,0.005,0,-0.005,-0.005,-0.015,0.032087225,0.005858296,0.01492485,0.003174031
6/18/25,0.00625,0.005,0.0025,0.005,0.005,0,-0.01,-0.02,-0.01,-0.025,-0.01,-0.005,0.009153492,-0.00533124,0.004257597,-0.002888471
7/30/25,0.005,0.039615385,0,0.005,0.02,0.045,0.065,0.065,0.055,0.08,0.08,0.06,0.106459157,0.157235429,0.049517741,0.085190317
9/17/25,0.011538462,-0.025,0.005,0.01,-0.025,-0.025,-0.025,-0.03,-0.03,-0.025,-0.015,-0.015,-0.022781615,-0.021467429,-0.010596497,-0.011631075
10/29/25,0.03,0.081666667,0,0.03,0.065,0.085,0.105,0.105,0.11,0.115,0.095,0.08,0.188973639,0.215506442,0.087898007,0.116761611
12/10/25,-0.003690476,-0.005,-0.0025,0,-0.005,-0.01,-0.02,-0.025,-0.0125,-0.035,-0.045,-0.04,-0.009352048,-0.049541158,-0.004349953,-0.02684145
1/28/26,0,0,0,0,0,0.005,0.01,0.005,0.005,0.0025,0,0,0.026874099,0.022435348,0.012500049,0.012155494
3/18/26,0,0.01,0,0.005,0.01,0.015,0.025,0.025,0.03,0.035,0.05,0.055,0.053297977,0.105815832,0.024790685,0.057331126
4/29/26,0.0025,-0.003269231,0,0.0025,0,0,0.005,0.01,0,0.02,0.035,0.05,0.025900281,0.075488575,0.012047093,0.040899787
6/17/26,0,0.075,0,0.0075,0.075,0.1,0.135,0.16,0.15,0.195,0.19,0.165,0.229094959,0.369384918,0.106559784,0.200133126
7/29/26,-0.065,-0.099615385,-0.005,-0.065,-0.08,-0.105,-0.12,-0.115,-0.12,-0.11,-0.1,-0.085,-0.194615113,-0.184062931,-0.090522046,-0.099725485
9/16/26,0.029464286,0.06,0.01375,0.03,0.06,0.07,0.08,0.095,0.09,0.15,0.17,0.155,0.168281143,0.306848302,0.078273229,0.166250724