Date,STMT,PC,ME
1994-02-04,0.07537379500150829,NA,0.07936870626223785
1994-03-22,-0.026557857516958383,NA,-0.027872399801305237
1994-04-18,0.05995375367375039,NA,0.0636669043009029
1994-05-17,-0.019550573364668544,NA,-0.019842779752523736
1994-07-06,0.006634996467393761,NA,0.00819744883106159
1994-08-16,0.02619096800139183,NA,0.028543859542197274
1994-09-27,-0.010945755545421222,NA,-0.010985472485668163
1994-11-15,0.03169002412883959,NA,0.03425758205234688
1994-12-20,-0.018487103822110596,NA,-0.01960263939591407
1995-02-01,0.0506260905628042,NA,0.054432619404075254
1995-03-28,0.015878209586118075,NA,0.017415657278638263
1995-05-23,9.654208047704487e-4,NA,0.0017966919835790286
1995-07-06,-0.13702223169942768,NA,-0.14395268138605613
1995-08-22,0.031057454650443787,NA,0.033450129367111746
1995-09-26,0.0421169412060311,NA,0.045362787046102075
1995-11-15,0.014520503360796454,NA,0.01568474727733905
1995-12-19,-0.031204390147180745,NA,-0.03266223345673813
1996-01-31,-0.01421357887478174,NA,-0.014148230207277871
1996-03-26,0.017320383684183992,NA,0.018814468149252327
1996-05-21,0.01610812225033916,NA,0.01771276489538576
1996-07-03,-0.007870251184750526,NA,-0.007606151666882559
1996-08-20,0.005796495969871036,NA,0.0067832401626724895
1996-09-24,-0.06303617990841837,NA,-0.06644823130995879
1996-11-13,-0.002307176126754167,NA,-0.0015416049044356885
1996-12-17,0.00958140556356513,NA,0.010610564981652316
1997-02-05,0.007168460348379037,NA,0.008052336774857253
1997-03-25,0.039758197207254875,NA,0.042719410477570816
1997-05-20,-0.03502340183204473,NA,-0.036687358851904016
1997-07-02,0.004134475712013972,NA,0.0051758330911784115
1997-08-19,0.010161290850042325,NA,0.011415001095771081
1997-09-30,0.0025347511444628094,NA,0.0033558546836797852
1997-11-12,-0.01796081866682008,NA,-0.018318015182953326
1997-12-16,0.009266267990542582,NA,0.010418909536978178
1998-02-04,0.01875262116259637,NA,0.02058095966685476
1998-03-31,0.002680222265798638,NA,0.003422638995925573
1998-05-19,-0.006268049843563048,NA,-0.00598448715983479
1998-07-01,-0.01764309295425336,NA,-0.017972769790135158
1998-08-18,0.015123179976080049,NA,0.016679839082100967
1998-09-29,0.027867946642036182,NA,0.030710870492367565
1998-10-15,-0.11453716814323388,NA,-0.12067717164325219
1998-11-17,0.008684642813999588,NA,0.010330093801839727
1998-12-22,0.002380871753390942,NA,0.00326290035735649
1999-02-03,0.01014359265620345,NA,0.011550083161409855
1999-03-30,-0.009745591436629565,NA,-0.009587318745761629
1999-05-18,0.07062366488140032,NA,0.07474187819439365
1999-06-30,-0.056484735371446826,NA,-0.05892467320565908
1999-08-24,0.007479669411203324,NA,0.00886074982303223
1999-10-05,0.03729872477477845,NA,0.039629929089280674
1999-11-16,0.06714049984257064,NA,0.07270616633864456
1999-12-21,0.025464164739192895,NA,0.02738119883148758
2000-02-02,0.002732687862083996,NA,0.003533090459322161
2000-03-21,0.006731002926459297,NA,0.008006988530121897
2000-05-16,0.03996012973207023,NA,0.04321224514872699
2000-06-28,-0.01627692757379807,NA,-0.01636497833381962
2000-08-22,0.015178436076909278,NA,0.016685263558918053
2000-10-03,0.02721494896821909,NA,0.029267217528955225
2000-11-15,0.00858428684114545,NA,0.009827417330169173
2000-12-19,0.01787184163083535,NA,0.01987664452361884
2001-01-03,-0.11063300313153132,NA,-0.11762121946597191
2001-01-31,0.009880770471480642,NA,0.012091282675404318
2001-03-20,-0.033330530733370445,NA,-0.03454222704999594
2001-04-18,-0.2693605847373179,NA,-0.2864913936132977
2001-05-15,-0.08474661599368159,NA,-0.08908262388421496
2001-06-27,0.054226085803601325,NA,0.05821139431056369
2001-08-21,-0.035943141964901525,NA,-0.03682646307121327
2001-09-17,-0.044247850070858505,NA,-0.04675053012265622
2001-10-02,-0.03300330595544668,NA,-0.03426482651429933
2001-11-06,-0.09787291938094615,NA,-0.10293759852756253
2001-12-11,-0.035704360970103426,NA,-0.036708546366223005
2002-01-30,0.02176219261752469,NA,0.0237943772214143
2002-03-19,-0.038287505839345724,NA,-0.03954662312096353
2002-05-07,-0.014332876841644832,NA,-0.014005942126259819
2002-06-26,0.010095187685156416,NA,0.011494731962127858
2002-08-13,-0.05188164671279066,NA,-0.05288684457838699
2002-09-24,-5.420989065469566e-4,NA,4.1738831838902086e-4
2002-11-06,-0.05910693120765431,NA,-0.06236527382227306
2002-12-10,0.017815038415614843,NA,0.01937407442469367
2003-01-29,0.03190711633456897,NA,0.034430736180528214
2003-03-18,0.00469613020378429,NA,0.0056822809161431904
2003-05-06,-0.04119077503728311,NA,-0.0421289264504621
2003-06-25,0.0914169405701291,NA,0.09766816669728422
2003-08-12,-0.01362803069169173,NA,-0.01315240929606983
2003-09-16,0.00581423976131174,NA,0.006944742541057507
2003-10-28,-0.03997465694519334,NA,-0.04077268695686599
2003-12-09,0.022241146616472397,NA,0.023726835758011478
2004-01-28,0.08447732068066295,NA,0.08876622780052201
2004-03-16,-0.02543309612400435,NA,-0.025496760171334554
2004-05-04,0.008765748874384771,NA,0.009870250286292754
2004-06-30,-0.010688635379012558,NA,-0.010634665608292434
2004-08-10,0.03065699081054568,NA,0.033030202815228386
2004-09-21,-0.0029555308231023585,NA,-0.00219988374757774
2004-11-10,-0.010777090645454384,NA,-0.010426076041838357
2004-12-14,-0.0019054442820972044,NA,-0.0011976253439011496
2005-02-02,0.0022053085034628244,NA,0.0032776319772396152
2005-03-22,0.045102680252145845,NA,0.04789601104605734
2005-05-03,0.019816593958265006,NA,0.021544164941168675
2005-06-30,0.03108064544653331,NA,0.03335886956416187
2005-08-09,-0.005311290472498556,NA,-0.004704870091076637
2005-09-20,0.027116269167238832,NA,0.02974251510368995
2005-11-01,0.012487114732020434,NA,0.013902310125740431
2005-12-13,-0.010349686071547463,NA,-0.009992971698278574
2006-01-31,0.025360976463813474,NA,0.027545117820556405
2006-03-28,0.036432070123633,NA,0.03921772811499739
2006-05-10,0.03723290243202788,NA,0.03999675994355403
2006-06-29,-0.02495582813235202,NA,-0.025638574382129117
2006-08-08,-0.01348600558986811,NA,-0.013494020403476067
2006-09-20,0.015011657733692277,NA,0.016454227725937978
2006-10-25,4.7375706400819165e-4,NA,0.0012831910795564902
2006-12-12,-0.01082490584208988,NA,-0.010345074167064558
2007-01-31,0.001171915881531981,NA,0.0020114805990745256
2007-03-21,-0.04263441385077919,NA,-0.04375726802823544
2007-05-09,0.029761827359980828,NA,0.03185150321882697
2007-06-28,0.013596359427270928,NA,0.014974540682849263
2007-08-07,-0.006648119808875873,NA,-0.005992113029543829
2007-08-10,0.0037546063523956584,NA,0.004684860571688082
2007-08-17,-0.0032194010043452674,NA,-0.002063470929798161
2007-09-18,-0.11678036025295947,NA,-0.12333535333455559
2007-10-31,0.04270443878179097,NA,0.04563350771884903
2007-12-11,0.028465927603318425,NA,0.03160383406547295
2008-01-22,-0.10585305845587384,NA,-0.11339254328548869
2008-01-30,-0.06891787026785501,NA,-0.07259918370854619
2008-03-11,0.06043606931775381,NA,0.06415246434224031
2008-03-18,0.036313222486130704,NA,0.03988639139282505
2008-04-30,-0.04152854284548362,NA,-0.043472655705272874
2008-06-25,-0.0237274536143678,NA,-0.024354628459376155
2008-08-05,-0.011899403902939365,NA,-0.011747917050123588
2008-09-16,0.08008870039040415,NA,0.08612777558200463
2008-10-08,-0.01845489452273953,NA,-0.019035504104280655
2008-10-29,-0.03737674789840144,NA,-0.03877141894338278
2008-12-16,-0.15124377634675248,NA,-0.15922088883485314
2009-01-28,-2.4120392375729245e-4,NA,5.372074757511483e-4
2009-03-18,-0.02290374632404759,NA,-0.023109801660809306
2009-04-29,0.014194910002443224,NA,0.015562808849614921
2009-06-24,0.028886602396861735,NA,0.03095538961823657
2009-08-12,-0.007213268520781347,NA,-0.00666273954510115
2009-09-23,-0.04807497593170358,NA,-0.04944111112305524
2009-11-04,-0.008585295021972953,NA,-0.008149055837427536
2009-12-16,0.004525305630530728,NA,0.00542328747948565
2010-01-27,0.022759679955067533,NA,0.0244549687994909
2010-03-16,-0.017696275806716993,NA,-0.0177054964057259
2010-04-28,-6.516041386505284e-4,NA,4.669299765480574e-5
2010-05-09,-0.0027234924009620774,NA,-0.0021076922719404107
2010-06-23,0.006708752428746617,NA,0.007784351789341135
2010-08-10,-0.008241578507633435,NA,-0.00778184527586709
2010-09-21,0.001429410431612354,NA,0.0024003373606430642
2010-11-03,0.008305819584385832,NA,0.009715176805223656
2010-12-14,0.006730102194459281,NA,0.007941242996935426
2011-01-26,-1.2479351116444218e-4,NA,6.949229127903682e-4
2011-03-15,0.00881697637625588,NA,0.009952830723915791
2011-04-27,-0.005478451954019617,0.00549132888667715,-0.005270727931888247
2011-06-22,0.00802293166551016,-7.851780371430761e-4,0.007327984073408455
2011-08-09,-0.01135026269942911,NA,-0.01071315700979877
2011-09-21,0.05049759915317873,NA,0.05375491017898032
2011-11-02,0.009488034093105419,0.008670195258629958,0.0158291204089322
2011-12-13,0.009824493489539614,NA,0.011051225747523279
2012-01-25,-0.004187320428907564,0.001222429175889331,6.49410468474012e-4
2012-03-13,0.012898200609747125,NA,0.014246251163331215
2012-04-25,0.003396171662498859,-4.184276765643503e-4,0.0011900723991213717
2012-06-20,0.016821045919329286,0.007471906433375571,0.014997205826914453
2012-08-01,0.01577482255423546,NA,0.017474403134542765
2012-09-13,0.01770653148071543,-3.226370962852471e-4,0.009311613837962258
2012-10-24,0.004247604299576146,NA,0.005183465999145245
2012-12-12,0.004337902905619109,0.004442961804610991,0.005370350085385264
2013-01-30,0.0036053436780850118,NA,0.004533417057251228
2013-03-20,0.008399706389300925,0.0018111448296502853,0.00885585028787186
2013-05-01,0.0045629610276968794,NA,0.005577474269714191
2013-06-19,0.008900228929778348,0.011413795726478148,0.016600937699384317
2013-07-31,0.004033195245083581,NA,0.005082324783387099
2013-09-18,-0.0038328280873680554,-4.574290736848668e-4,-0.006127376007158354
2013-10-30,0.0073745769691640935,NA,0.008513740351837289
2013-12-18,0.0056774361194265955,0.004557173206684413,0.006872952199553785
2014-01-29,0.006913595979106191,NA,0.008111709545945119
2014-03-19,0.014843264698787577,0.007788615984744664,0.02103907162386106
2014-04-30,0.006676418151642146,NA,0.007785450832321123
2014-06-18,0.010834547606975404,-0.004459335371116212,0.006159053815784432
2014-07-30,0.0019387187925216745,NA,0.0028974562248427105
2014-09-17,0.01500342247414991,0.00629062982845937,0.020613932813904154
2014-10-29,0.017688832806969215,NA,0.019145731541571332
2014-12-17,-0.026582424142898596,0.037992732909926934,0.004027776550246935
2015-01-28,0.00191973812113646,NA,0.0028743482207782838
2015-03-18,-0.03552761827520067,-0.014867961916910635,-0.049835792141325844
2015-04-29,0.004631886519341452,NA,0.005606025524333484
2015-06-17,-0.018588282722281836,-0.011500403318934569,-0.03123335975326773
2015-07-29,5.235611851797833e-4,NA,0.0013532017559282838
2015-09-17,-0.03620692493353518,-0.010859175026161204,-0.047913805363350784
2015-10-28,0.028088122235756584,NA,0.030332480349282546
2015-12-16,0.019079347940111974,0.012038984734612098,0.025886753092064268
2016-01-27,-0.010441507140939174,NA,-0.010207771572369205
2016-03-16,-0.04572881086516297,-0.015478750718908293,-0.0616429493093474
2016-04-27,0.013016344520647065,NA,0.014552730186280984
2016-06-15,-0.020251702456023046,0.007001303879587348,-0.018553326114665175
2016-07-27,0.008273490921553595,NA,0.009519916200084624
2016-09-21,-0.014629141499736256,-0.004136255197925977,-0.018057214263647644
2016-11-02,0.008359663895271265,NA,0.009596840157222198
2016-12-14,0.02805904978542011,0.010429947154724156,0.038582801865778976
2017-02-01,-0.007789794834316391,NA,-0.007529366125674051
2017-03-15,-0.020442757718453875,0.0018834370659687096,-0.022530711718019854
2017-05-03,0.014151071098895279,NA,0.015729114831021022
2017-06-14,0.01829263890263526,0.005921743238524327,0.023965746410504397
2017-07-26,-0.002057564261261899,NA,-0.0013820489232527174
2017-09-20,0.028390559294886077,0.0014478655463174151,0.0322439526284277
2017-11-01,0.007502701714165236,NA,0.00868246325664276
2017-12-13,0.0035680257841961666,-0.002351102072533594,-9.726792451176307e-5
2018-01-31,0.009359743844065856,NA,0.010733770160858462
2018-03-21,0.002858216893746852,-0.005818638771926813,-0.004289316924690362
2018-05-02,0.001882387757625528,NA,0.002811326079263516
2018-06-13,0.015019598597430496,-1.1795700810868858e-4,0.014559118254693287
2018-08-01,0.003646518500978137,NA,0.004633464142657897
2018-09-26,0.006058605506913446,0.0026902983274061727,0.007303209513129719
2018-11-08,0.00868490453896414,NA,0.009796295355651156
2018-12-19,0.020475861213121477,-0.005371303436053323,0.014920179049159632
2019-01-30,-0.007232249192164576,-0.005555746731021384,-0.01446320556645357
2019-03-20,-0.011870340308939362,0.005221764271644242,-0.009062714884479831
2019-05-01,-0.01734644631712522,0.0577649487254626,0.030110732274522135
2019-06-19,-0.03553839447985374,-0.050032277187679365,-0.07574605200273955
2019-07-31,0.03404268805679508,0.03322619680002549,0.06167253613927571
2019-09-18,0.027021452858574893,0.034413601751831474,0.051533589647915934
2019-10-04,0.008839679396761052,NA,0.010063438071301996
2019-10-30,0.016361837507540243,-0.015024056936030504,0.004372637700038319
2019-12-11,0.003914606331352668,-1.6699122968939236e-4,0.0022160693776382993
2020-01-29,0.010056577186887839,-0.011020253415887691,7.602054816095617e-5
2020-03-03,-0.10241705663248957,-0.030629667928026183,-0.11429497871894348
2020-03-15,-0.08036660627652625,0.023276763866593123,-0.06370232967300937
2020-03-19,-0.006675224169464026,NA,-0.006111438096262998
2020-03-23,-0.012607690927312194,NA,-0.012475386230041043
2020-03-31,0.003006811799162058,NA,0.003984402437710831
2020-04-29,-0.003963257119236864,0.004176946737539455,-0.0027910321764235205
2020-06-10,0.00391460633135049,0.0026902983274061727,0.004919195426573956
2020-07-29,0.003147662721269528,0.005826443773743981,0.00479752549152197
2020-08-27,0.005261119845218828,NA,0.006305763789230355
2020-09-16,0.004208363128099992,0.005809699120624095,0.007127171989181151
2020-11-05,0.00647607982669915,-0.0011679053481117782,0.007855461508695248
2020-12-16,0.0061900466120708205,0.003258026285383445,0.006305763789230355
2021-01-27,0.009385948561166918,0.0018111448296477884,0.009929141073413859
2021-03-17,3.627092620161682e-4,-0.001602045814022843,-0.0011778696476992608
2021-04-28,0.0024456856190486656,5.277189731011717e-4,0.002666597225206673
2021-06-16,0.020053398213821162,0.0036780175758661508,0.021108885201261102
2021-07-28,0.006676418151642146,0.004101908481098442,0.008415060474620387
2021-09-22,0.007493165882895215,0.007710167238804558,0.013424842963380203
2021-11-03,0.006204313162970964,0.0028747416223717185,0.007529430267206079
2021-12-15,0.023942937738613813,-0.002514013878959954,0.02027415478009939
2022-01-26,0.0010533269677982168,0.08410288814768939,0.0703199393108518
2022-03-16,0.06094077190033363,-0.045517100647974075,0.024346078041144376
2022-05-04,-0.01613675223645694,-0.07732414406632873,-0.08197132910927073
2022-06-15,0.050463905772981425,-0.1481365558969542,-0.072017074923399
2022-07-27,0.0024191025512194813,-0.061845193566372164,-0.052349646254205316
2022-09-21,0.05521791946175247,-0.022109736508810894,0.040249487522095104
2022-11-02,-0.03597917090193156,0.09595734385652842,0.04599346209627445
2022-12-14,0.05661943236039688,-0.029943008054608762,0.03435431209219055
2023-02-01,0.01398883987737637,-0.06387579930689993,-0.04455672298123662
2023-03-22,-0.01940849178442773,-0.030405836493679478,-0.04907254792598972
2023-05-03,0.01385290061201237,-0.013785076607310242,-0.001066426536942591
2023-06-14,0.053944801479882135,-0.002697540323351336,0.05305802288735462
2023-07-26,0.012150493503373948,-0.027094678527293116,-0.014394236361700981
2023-09-20,0.04645918799758317,0.0014061573254731316,0.05065114981599976
2023-11-01,-0.0025766108346064608,-0.03767532794834353,-0.03127533448302206
2023-12-13,-0.04652717369248249,-0.0406549655603477,-0.08598461894184087
2024-01-31,0.019047284869616717,0.01924755776140878,0.03221206609054193
2024-03-20,-0.008236370629703891,-0.02416715377593839,-0.029455338448509664
2024-05-01,0.004357372593256691,-0.02245889935969321,-0.016971035439723454
2024-06-12,0.018281158810999034,0.017206823586602228,0.032915353747230126
2024-07-31,0.01667513511174159,-0.055720116462581376,-0.031001958089621046
2024-09-18,-0.07294959222202342,0.03727099083235889,-0.04632248430544967
2024-11-07,0.014460451380386753,-9.883161956316631e-4,0.014479391196516167
2024-12-18,0.054929543948452716,0.017098255702833805,0.07280343976195404
2025-01-29,0.017991526010981373,-0.0023853045831080575,0.012862117478253405
2025-03-19,-0.015883916675973817,-0.0235955778213182,-0.03944597394636274
2025-05-07,-0.007630711954974886,0.01751872973876948,0.004812785457040373
2025-06-18,-0.008236125736441273,0.014533977324474139,0.0025646766449626416
2025-07-30,9.572058186149253e-4,0.059754369148656734,0.04804518466824563
2025-09-17,-0.023678537679764185,0.025172679210936497,-0.004703945831412496
2025-10-29,0.011185776012555602,0.07665509540665132,0.06952028952996848
2025-12-10,-0.0018015303635459136,-0.0077666578264925425,-0.01181982755308677
2026-01-28,0.00807273578668393,8.888469760437015e-4,0.0075378760891588814
2026-03-18,1.9600265321031033e-4,0.0334187221363017,0.029337228205330253
2026-04-29,0.018157450765330117,0.004852877681709201,0.021737133658576418
2026-06-17,0.05231408424828281,0.060455134873740914,0.10308206795345544
2026-07-29,-0.0377896848194916,-0.028209681742633764,-0.06317759976153621
2026-09-16,0.0407680377207686,0.06053885238376805,0.09181424058683849
